2,0.7
55,0.8
17.671,0.9
11,0.9
8,38.468
1,6.0325
69.303,0.2
1,0.3
34,0.8
1,0.2
1,0.3
1,0.8
204.6,2.6
36.488,2
13.189,0.2
40.681,0.6
14,0.7
155,0.3
54.224,1.3
49.756,8.3601
1,0.9
20,9.018
1,4.5
136.75,0.4
24,11.506
1,0.3
19,0.91368
1,0.1
43,0.3
1,0.8
55,6.594
1,17.146
26,0.6
6,8.2243
15,0.1
234.66,0.4
19,5.1
1,5.1
1,1.2
1,0.3
1,1.1
13,15.714
155,1.2832
47,12.678
8,1.1071
1,0.2
7,1.9
6.4191,0.8
20,0.2
14,9.1616
1,3.3
18.554,1
4,2.6
69.766,9.9133
33,1.7
32,0.9
13,0.2
13,0.3
1,18.065
5,8.4012
24,2.2
2,0.2
1,0.30681
18,0.9
13.854,1.7
1,1.7
23,11.023
3,3
177.29,0.4
38.138,0.1
13,5.4364
7,12.278
42.147,0.1
1,0.4
30,0.1
3,0.3
2,0.8
2,0.9
6,0.3
144.52,0.2
55,2.5
12,1
1,0.1
17,0.2
14,0.1
1,6.392
12,4.5954
2,0.9
10,5.4934
1,0.9
139.83,1.1
1,0.9
21,5
1,0.3
21,0.5
2,1.8
8,0.7
291.08,1
1,1.7
36.998,0.9
251.04,2.3689
1,5.0337
24,8.6665
19,0.1
4,0.8
20,1
19,0.3
2,0.4
22,0.2
2,0.2
192.74,0.7
26,0.3
10,6.1
8,0.4
34.418,0.2
3,4
219,0.2
11,0.4
23,0.7
4,15.409
6.9753,3.4
13,1.3
1,1.2
12,1.5
8,3.6
31,9.7964
239.52,8.0137
9,0.2
249.9,0.2
11,0.1
1,0.5
12,2.6
1,0.1
30.411,0.5
1,2.9884
14,0.82505
2,0.10741
8.0317,0.2
43,2.2
52.493,0.2
252.03,1.9
13.419,0.2
2,3.4
1,0.3
11,1.6
2,0.6
8,0.8
1,1
17,1.7
2,0.3
169,0.4
58.668,0.3
8,0.1
1,3.4
13,4
23,2.6
27.045,0.9
6,1.2
21,0.5
1,4.2824
2,8.2
18,1.7
21,3
13,0.1
7,6.0206
176.58,0.1
2,1.2
1,1.2
1,3.9042
1,1.4
34,1
21,1
1,18
1,0.2
39.694,1.2
8,0.7
6,0.1
37,0.4
41,9.8
7,0.2
6.4926,1.4
2,0.8
4,15.976
12,24.264
200,4.1053
5,0.9
236,4.6635
6,6.5915
11.634,0.9
2,1
33,0.2
40,1.6
1,0.3
193.2,12.515
40,28.719
16,8.772
1,0.9
20,0.5
1,4.3
1,0.1
8.6555,0.1
1,1.4
45,0.2
37.18,23.044
9.3783,0.1
183.68,1.2
34,1.6
13.319,0.8
1,5.0211
14,0.6
1,0.1
229.79,0.2
34,0.6
8,2.6
12,0.3
2,0.7
1,0.3
45,0.4
41,6.4
27,1.2
1,0.3
20,0.8
14,2.1886
1,0.4
305.99,2.7
200,1
32,0.2
26,0.2
12,0.9
1,0.1
33,0.3
2,0.5
10.678,0.2
2,2.7
1,4.1
21,0.2
7,0.5
8,0.1
1,1.4
40,0.3
26,0.2
1,5.5
69,0.21073
8,0.2
1,0.9
7,2.4
161.31,6.0329
12,0.5
17,1.2
26,0.3
7,6.6
3,0.1
298.29,1.3
133.04,0.3
1,5.1
103.23,3
19,0.6
223.28,1.1
8,0.1
8,1.2
89.544,0.6
81,0.1
11,0.6
3.5254,0.9
4.406,0.2
11,0.2
1,4.3183
1,3.2
92.795,0.6
1,3.9003
1,3.6509
21,2.4
3,1
59.843,0.1
28,0.7
1,3.1665
29.551,0.9
24,1.4
158.16,0.8
186.78,1.3
4,2
10,0.3
1,1
1,0.7
13,1.3
1,20
4,0.3
5,2.1
11,0.6
22,2.6
1,1.8
30,0.2
27,0.8
2,5.1
221.29,0.8
1,0.6
1,1.765
1,1.3
200,34.123
1,0.5
1,5.1
6,3.4
49,0.2
234.65,0.5
50.175,0.2
1,11.563
18,0.1
1,0.5
16,3.6
190.73,0.1
7,0.4
204.62,2.2
30,1.3
1,23.413
1,2.4
66.268,2.2
4,1.8
34,1.272
80,0.3
11.944,0.2
10,0.1
23,1.4
3,0.9
21,1.3
160.5,7.6194
41,6.1
27,10.463
24,0.6
17,0.2
20,2.2
6,11.4
18,0.2
1,1.2
1,14.016
3,1.5
79.491,6.5202
1,0.1
2,0.1
49,2.6
8.6905,3.9227
225.34,0.4
16,0.2
13,0.2
22,19.495
4.3125,0.1
278.63,6.6931
7,14.724
236,0.5
40,0.4
224.23,14.732
11,6.7486
1,0.7
14,1.5216
20,0.1
21,0.60991
40.649,0.7
45,0.2
1,0.6
15,1.2
1,1.1
43,0.4
4,0.3
32,0.7
194.23,1
267.07,1.2
1,1.4
54.226,2.2
23,0.9
12,0.4
3,0.5
3,0.4
192.33,0.9
254.17,0.3
263,0.1
20,3.2061
1,0.9
1,1.1
204.95,0.6
2,23.045
1,2.1
43,0.4
9,0.1
34,1.7
1,0.8
1,7.3346
1,0.1
1,13.582
13,0.1
2,1.1
258.83,0.4
1,0.2
39,0.1
26.723,0.1
30,2.6
8,0.1
12,0.2
8,0.5
1,0.2
14,0.1
3,0.4
2,0.2
17,10.64
23.785,3.2924
10,0.1
1,6.0713
20,0.9
10,0.6
359,0.9
5,0.3
2,1.2
1,4.8266
1,0.2
1,3.6
1,2.3868
6,0.2
93.819,1.662
1,0.1
15,0.4
18,0.5
7,0.1
1,0.6
63.142,0.2
29,0.2
26,8.7383
2,2.6
225.84,0.9
23,13.538
1,2.3
1,0.2
20.997,0.2
1,0.3
1,0.1
158.33,11.4
2,0.1
1,15.457
3,0.1
21,1.3
19,15.86
1,2
6,11.793
189,0.9
44,1.3
2,2.6
7,0.9
23,0.1
1,0.1
9,7.1441
1,0.5
12.87,0.53727
7,0.2
295.42,2.7
21,0.2
15,0.5
34,0.4
40.82,0.8
169.55,1.5
3,0.99299
1,11.253
57.964,0.4
2,1.4
1,2.3
8,0.3
1,0.6
1,4
1,1.4
15,0.9
2,1
12,0.9
17.524,4.4159
1,0.7
1,1.2
226,12.796
23,0.5
28.581,0.2
14.517,1.4
11,1.5
7,0.6
1,0.2
6,0.2
34.33,3.6217
1,3
12,1.3
43.659,0.4
10,1.4
5.836,0.7
40,1.3
1,1.4347
54,2.6
19,0.1
6,0.7
1,14.866
302.15,0.6
1,0.9
41,0.6
1,0.7
239.52,10.434
41,0.4
1,1.1
71.831,0.1
66.792,13.517
9,0.2
1,0.6
1,9.8149
301.73,11.583
11,2.2
194.97,0.8
1,0.5
3,10.165
77.504,1.2832
1,0.4
241.73,1.2
12,1.1
173.74,0.9
15,0.8
27,0.9
157.02,0.8
39,1.1
16,1.7
40,0.8
31.627,0.5055
3.4562,0.2
11,9.8935
30,0.3
13,0.4
24,0.3
22.724,3.1593
35,1.1
19,14.09
13,0.51638
18,0.1
41,1.4
18,0.8
1,2.6
5,8.2092
13,4.375
4,0.5
15,0.4
2,0.3
1,0.1
33.708,8
1,2.3129
9,0.4
3,2
1,0.2
204.63,13.5
1,0.4
9.1155,0.4
24.629,0.9
7,5.5627
89.471,19.865
18,0.3
257.48,34.891
14,1.9
1,0.4
7,10.702
2,0.1
1,0.1
48,0.2
1,0.9
1,1.1
1,25.518
13.668,0.6
73.458,0.5
4,0.2
6,0.2
39,0.5
11,2.2
1,0.3
4,0.2
1,2.6
5,10.61
25.063,34.219
20,1.2
1,1.5
1,1.1
1,8.186
11,0.1
1,0.5
51,0.2
22,0.7
1,1.5
10,0.1
1,0.9
1,0.6
1,0.7
5.9575,0.2
9,0.3
54,0.9
173.58,0.4
34,0.8
1,0.3
191.78,1.5
15,1.5
135.93,37.02
81,0.4
35.453,0.1
1,0.4
9,11.542
19,1.1
10,1
11,2.6361
23,1.3
1,2.2
1,0.3
0.63405,0.67295
46.556,0.4
18,11.35
8,2.9344
204,19.725
1,0.1
1,1.2548
8,1.6
1,1.3
23,0.3
3,0.9
9,23.134
1,0.1
43,0.8
207.95,1.3
1,0.8
9,9.2547
14,0.3
4,0.5
69,0.1
1,1.1
219,4.7436
16,2.6
21,0.8
1,0.8
20.611,0.4
249.64,1.1002
55,3.4
13,0.9
13,34.425
10,1.9733
32,0.7
191.34,1.1
143.81,0.3
5,0.5
55.599,4.3
31,2.9
1,11.5
54.611,7.895
1,9.5693
32.25,5.1
7,20
5,0.8
1,11.578
2,34.223
43,0.2
2,9.7761
1,0.6
264.27,9.4654
23,0.1
1,2.6
10,0.2
1,0.2
7,0.2
19,3.3
145.57,0.2
38.937,3.3
15.137,0.3
23,0.6
305.88,0.2
1,0.1
4,9.8
1,0.6
1,0.3
15,0.8
10,0.5
128.51,0.4
1,0.2
1,0.8
4,0.9
1,0.4
1,3.6
1,2.3
272.24,0.2
1,0.4
7,2
1,0.5
9,0.2
30,0.2
1,2.1
12,15.552
43,4.6737
2,0.5
1,1.3
3,5.4128
1,3.9079
5,5.1
13,0.8
1,2
20,0.2
12,0.2
1,34.201
27,0.1
24,28.138
15,0.3
43,6.8815
1,0.5
4,0.4
8,0.4
60,2.2
20,1.7
7,2.2
6,0.2
22,2.1
1,0.1
19,7.4515
17,2
23,0.7
257.3,1.7
13,13.439
4,2.9
20,6.7363
25,0.5
6.2327,0.4
150.2,0.9
1,0.9
1,1.2
2,0.4
4,0.3
29,2.2
136.95,2.9
30,3.3
13,2.4
241.79,0.1
2,0.4
14,1.6
17,1.1
23,2.1
17,13.5
3,0.6
4,6.3715
1,0.1
17,3.5
15,0.5
44,3
1,0.1
1,1.2
21,1.0853
3,3.4
27,0.6
1,1
11,13.52
6,0.2
1,0.5
5,0.2
1,1.2
4,1
2,0.5
6.0495,0.4
2,1.2
10,3.5
219,0.6
4,2
7,9.0028
6,0.2
4,0.2
16,1.4
11,0.2
13,2.0415
1,0.2
190.32,0.9
34,0.6
80.284,8.2
10,0.9
16,1.8
10,0.3
30,1
3,0.9
1,1.1
80,0.2
2,6.694
48,0.2
8,0.2
8,0.6
83.857,0.9
3,4.4974
32,12.862
47.651,2.7
12,1.1
4,1.1
43,0.80244
67.027,0.6
3,0.1
1,1.2217
9,1.2
27,0.3
7,1.4
40,0.5
20,0.5
1,0.6
1,1.4
15,0.7
191.67,0.3
1,0.3
18.914,3.3
6,0.1
44,0.1
14.471,0.5
292.12,0.1
21,0.9
1,4
1,0.3
1,1.3
293.89,0.1
243.43,0.1
69.742,12.533
35.401,0.7
14.87,14.07
1,3.6
41,0.8
10,4.1
8.6231,0.3
189.93,11.782
2,0.4
1,9.8
1,0.4
2,2.6
41.937,0.5
1,0.3
81,0.1
6,59.405
1,0.6
3,1.6
1,2.411
1,2.6
4,0.4
20,0.2
17.42,0.3
4,1
1,13.592
12,0.6
14,0.1
30,0.4
203.15,0.5
1,1.1
1,1.4
182.38,7.5866
1,0.2
6,3.5
2,0.1
1,0.1
6,1.7
3,0.4
1,1.6
1,0.7
10,1.2
13,0.5
5,0.4
16,7.6805
5,1.3
49,0.6
60,15.116
2,0.4
1,7.54
6,0.6
10,10.181
4,1.2
24.151,0.5
3,0.4
2,0.5
32,1.5
8,0.2
29,3
10,0.4
1,0.4
15,0.6
9,0.43888
22,0.3
3,0.3
28,0.6
79.133,0.1
1,3.4
31,0.3
24,0.3
71.117,0.4
2,0.1
47.867,2.6
41,0.3
41,1.4
1,0.1
19,3.3
81,0.1
3,0.2
2,1.1
14,0.3
48.41,1.9
30,0.3
1,0.6
55,1.3
24,0.3
1,1
204,0.2
14,0.8
13,0.4
4,0.4
29,1.3
3,2.6
1,0.6
1,11.4
1,2.6
1,0.5
52.113,3.0725
4,0.3
32,3
156.42,2.6664
12,0.5
8,1
1.3399,0.8
6,0.85244
309.02,0.2
3,0.4
1,0.2
12,0.9
29,1.4
4,0.7
1,4.1364
66.599,0.3
21,0.3
1,0.2
20,4.6
1,0.1
149.94,5.3
263.17,0.1
13,22.575
2,0.9
9,0.7
1,0.7
7,0.4
14,0.5
95.659,23.304
2,34.59
27,0.1
1,0.6
37,1
28,0.4
7,0.4
15,0.5
6,2.7375
6,0.2
28,0.1
57.769,0.9
21,0.4
20,0.6
16,7.2858
4,0.1
2,5
15.351,0.5
36.881,0.9
1,3.9599
31,12.598
10,0.2
289.55,15.455
6.4688,4
288.37,1.3
12,0.5
27,2.6
2,5.3644
244.58,0.73728
192.32,0.8
1,0.1
1,5.2259
1,0.8
13,0.9
10,2.9
3,5.2925
161.83,0.2
5,1
13,34.493
1,2.2
9,2.2
23.985,2
1,1.3
15,0.7
9,0.2
1,0.5
35,0.3
14,0.3
1,2.1
5,0.2
18.73,0.8
1,4.2085
1,5.0728
15.54,8.9501
19,2.7
17,0.1
4,9.7484
43.83,2.2
7,1.9
80,1
1,24.235
44.176,0.2
5,7.5193
3,0.1
3,0.7
2,0.1
46.379,2
2,1.6
7,1
21,2.1
154.74,0.3
263,0.2
13,0.2
1,1
190.26,0.1
4,11.378
1,0.2
2,0.9
1,5.6098
17,0.4
11,0.1
80.867,0.3
1,0.6
22,9.0132
241.98,5
54,2.3
16.728,0.2
17,0.8
11,0.6
21,1.3
6.788,11.592
2,1.1
12,1.3
10,2
244.13,0.3
1,1
1,0.2
1,1.4
47.662,1
3,0.1
14,0.1
94.138,0.27585
74.534,0.3
8,0.7
1,0.9
55,0.1
2,2
1,0.2
54,23.315
1,14.911
1,0.6
1,0.3
14,0.8
75.825,11.853
3,0.3
21,0.1
1,0.3
1,0.4
20,0.1
13,9.4623
309.43,0.5
8,1.4
226,15.556
307.18,0.1
1,0.6
68.515,7.3843
24,6.3459
1,3.6
17,0.8
1,0.3
26,1.6
13,0.2
29,0.3
13,0.2
66.101,35.082
3,3.8
1,1.6464
1,1.2
172.62,1.2
134.2,0.7
54,0.96296
2,0.5
1,0.3
5,4.8277
8,9.3525
17,0.6
6,0.6
245.18,0.9
4,0.3
15,14.957
1,0.2
20,1.3
18,6.7118
4.3566,0.6
1,0.5
29,0.4
6,0.5
8,3
1,0.4
178.68,9.2351
4,0.36208
1,1.2
191.06,0.1
20.417,0.9
8,14.924
31,0.3
1,5.1
1,1.1
33,0.8
1,0.9
55,4.9123
1,0.2
3,2.5521
306.73,0.2
7,0.2
205.65,0.5
296.97,0.3
3,0.1
151.91,1.8
49.396,0.9
21,0.6
21,0.5
2,0.9
1,0.12252
232.26,1.1
40.91,1.2
2,0.9
11,0.7
1,0.8
8,0.2
2,0.8
2,0.6
190.21,63.435
2,0.3
32,0.5
19,0.4
4,0.4
1,1.7285
8,0.4
256.98,1.3
22,2.1
30.077,0.7
1,0.1
6,0.9
1,0.3
2,1.4
55,0.4
157.52,0.3
4,0.1
1,0.1
18,0.4
1,1.4
10,0.4
43,5.3799
1,8.2872
301.9,0.8
8,1.3
9,1.5
21,0.3
3,0.9
7,1.6
40,0.1
25,0.9
31,3.6
15,0.4
19,0.1
1,2.1
150.14,2.8
1,0.1
3,14.518
140.95,1.4
38,0.8
1,0.1
190.32,2.7691
54,11.114
1,0.2
10,11.4
3,0.4
23,0.3
2,0.3
23,0.2
28,3.8904
1,1
15,1.8
1,0.2
1,4.6005
1,0.61064
308.86,0.1
1,0.1
4,8.7025
24.836,0.2
2,5.1
3,0.3
3,0.9
15,3.5
8,7.4211
13,2.4
184.5,9.1515
1,0.3
8,0.6
1,0.2
1,0.8
1,0.6
10,3
5,0.2
34.908,0.3
40.707,3.6
20,0.1
2,8.0048
0.0068963,1.2
55,0.2
22,2.3
1,2.2
4,0.1
35,1
12,0.2
1,0.3
4,2
9,0.4
14,5.5
12,1.2
21,0.3
14,1.5
26,0.6
252.35,0.1
181.16,0.5
6,0.6
3,2.3
2,0.1
38,9.4055
7,10.889
55,1.1
55,0.7
2,9.7028
3,21.988
1,0.2
271.24,2.1
49,0.2
17,0.2
8,1.5
1,0.3
1,1
249.47,0.5
3,0.9
47,0.8
60,11.439
13,0.1
21,6.6
243.04,1.1
6,0.2
43.609,5.5385
23,2
2,3.5
1,2.935
1,0.7
13,0.1
9,1.4031
2,0.1
39,1.2
14,0.2
304.87,2.2
11,0.6
7,0.3
40,11.852
265.34,0.1
3,0.2
9,6.3517
80,2.7
40,0.1
1,1.3
1,2.2
13,0.8
13,8.7367
2,0.1
6,0.4
21,1.3
1,16.476
11,2.6088
1,2
1,0.3
1,0.7
20,1.2
15,0.7
14,0.5
1,4.3
19,4.2488
20,10.769
13,0.9
55,2.1
40.773,0.3
74.857,0.1
26,0.3
1,0.6
173.8,0.4
36.896,0.2
4,0.8
94.927,3.5
54,16.258
1,0.6
35,0.2
13,2.9
7,0.2
1,1.4
1,1.3
1,0.3
9,0.4
201.75,8.8901
13,0.92385
1,3.6
19,1.2
21,0.5
17,0.1
12,0.2
1,2.224
1,2.6
78.566,1.7
11,1.2
17,2.6
11.881,2.6
4,0.4
20,9.8
1,3.2
1,14.054
130.87,3.6
7,0.9
1,2.2
40,2.6
43,1.5
2,0.2
10,0.4
1,0.6
1,2.5
7,1.2
1,0.1
39,0.1
1,0.2
55,6.6
45.722,0.3
25,7.5091
34.689,3.1183
35,2.5
45.153,0.1
17,0.6
1,3.3
12,1
13,8.1127
13,0.1
6,0.6
40,0.2
5,2.3
12,6.3438
3,15.597
359,0.4
13,0.1
11,0.1
1,0.2
8,0.3
1,0.1
1,14.038
1,2.4
7,0.8
1,1
22,2.25
1,0.1
69,0.1
35.51,2.6
10,0.5
8,0.2
173.92,0.3
3,1.2
10,3.4
54.474,1.4
1,0.6
6,1.2
1,0.1
69.855,0.9894
1,0.1
12.324,0.5
12.941,0.4
13,4.3
11,0.2
14,3.7222
1,3.6
8,2.2
1,13.099
1,2.7
21,1.6
17,1.2
1,0.4
278.17,0.1
2,0.2
2,0.8
39.007,0.2
1,0.5
1,0.2
39.654,4
1,4.8917
2,0.5
2,0.2
1,0.7
4,9.8
1,0.9
1,0.2
245.37,0.74274
1,10.076
2,1
1,4.6196
21,0.4
216.41,0.1
79.086,1.3
1,0.5
1,0.3
1,0.6
5,1.7
32,0.1
234.42,0.9
7,0.1
25,0.1
12,0.9
12,2.1
1,0.8
17,2.5
1,11.464
130.68,13.495
1,1.4
1,11.469
2,0.84574
1,1.1
1,0.4
6.0073,4.3625
1,0.9
1,0.6
1,1.7
1,0.1
44.503,0.9
1,3.8
55,5.1
2,3.3
2,2.7
54,0.3
2,4.249
1,4.8202
37,0.3
3,1.8
39,9.4362
133.06,0.5525
1,0.1
51,0.8
67,2.1
29,11.219
8,0.3
10,0.3
20,0.4
33,0.2
164.28,0.6
2,0.15857
6,0.2
37,6.5966
20,0.5
1,6.4
3,0.5
14,3.8
157.33,9.8603
26,0.1
291.19,2.28
7,23.19
14,0.5
3,0.6
2,8.6129
26.105,0.8
12,0.1
1,0.4
159.24,0.8
1,0.6
2,0.4
42.179,1.1
1,0.1
1,0.5
8,31.774
1,0.5
20,0.8
1,1
15,5.4007
4,0.9
273.76,12.866
23,12.634
1,2.1
4,0.3
6,0.1
48,9.8
3,0.9
17,0.3
12,0.3
13,2.9
6,0.6
12,2.9
12,0.3
23.683,3.4
295.95,0.8
29,0.2
26,4.8637
19,1.1
9,6.6219
8,0.2
11,9.7417
9,1.7042
19,0.2
61.872,0.2
21,0.7
21,1
19,3.573
1,0.4
11,0.9
7,0.3
2,4.1
158.7,5.3455
41,1.2
1,15.268
1,0.6
0.98076,6.5151
221.6,0.1
1,0.4
15,0.5
17,0.2
39,0.2
61.166,0.2
13,10.176
17,2.7
1,4.3
1,2.1
10,2.2
28,13.555
30.371,1.5
5,0.2
1,5.057
8,2
10,0.4
1,2.2
19,3.4445
6,0.4
4,0.3
19,0.4
4,2.2
148.55,4.5
39.758,0.2
1,2.1
55,0.2
15,2.2
1,0.1
28,8.0637
9,0.3
11,1
1,3.4
44.859,8.2762
40,6.1
4,1.3
3,0.4
33,0.1
20,0.6
7,0.2
190.62,0.2
271.71,3.9454
22.104,0.1
10,0.1
1,2.9
253,0.4
10,1.4
21,0.2
1,5.8496
19,8.2
26,0.4
11,0.6
32,1.7
6,0.2
14,21.597
11,0.4
37.841,1
21,0.1
33,4.5234
40,0.6
1,0.9
28,0.2
19,4
49,5.5
1,4.3
271.43,1.4
43,0.47276
19,46.061
27.424,1.2
2,2.1
24,23.607
17,1.1
1,0.6
257.58,0.1
174.09,23
10,1.2
17.453,0.4
3,2.5
34,0.3
4,0.4
2,0.5
6,2
1,2.8
16,1.5
2,0.2
1,1.7865
20.137,0.5
184.28,3.3674
190.22,0.6
4,0.4
196.31,6.3656
8,23.396
16,15.817
1,2.2
269.09,1.1
263,1
2,0.9
34,0.6
1,0.2
15,5.2478
25,0.1
13,1.2
11,3.42
2,0.1
6,0.6
1,1.7
15,0.6
257.85,1.2
1,0.4
1,2.5
17,10.624
10,20
162.57,0.1
23,9.2665
1,0.6
1,1.5
40.291,3.8502
94.536,0.9
3,0.1
40.779,53.904
72.964,3.5
1,2.2
7,1.6
24.167,1
20.586,0.5
1,2.2
26,13.81
155,3.0076
20,6.1
1,36.518
4,8.6727
10.467,1
39.19,11.444
238.12,7.4082
10,1.2
12,1
15.848,0.94743
33,2.1714
39,0.1
1,0.1
1,2.6
16,0.6
12,1.5
55,0.6
14,37.66
2,0.7
13,0.2
2,1
1,0.5
1,0.4
24,2.6
15,0.5
13,0.2
1,0.5
9,3
1,0.2
10,0.5
28,2.9
1,0.4
19,0.2793
39.186,10.633
248.43,1.1662
1,0.3
159.66,0.3
190.28,0.4
2,6.8242
245.92,2.2
12,0.9
2,0.1
1,0.1
9,0.7
251.46,1.1
1,0.1
1,1.8337
1,2.5418
21,11.951
1,1.5
1,0.6
2,0.3
1,0.9
16,7.5813
1,1.6
3,14.979
11,1.9
1,3.3
13,0.6
7,0.5
14,0.4
20.719,3.8
1,0.9
43,0.3
1,0.6
1,0.3
267.58,0.6
16,2.2
4,0.6
308.05,1.4
8,0.3
2,0.1
58.474,1.1
17,0.1
0.4326,0.7
58,0.7
1,0.9
42.6,0.1
1,4.0286
13.247,0.4
7,0.9
3,0.2
12,0.6
9,0.3
167.49,0.8
1,0.8
6,0.8
1,14.054
1,3
1,0.2
1,1
5,2.3
19,0.1
1,0.2
8.5868,1
3,2.1
143.21,0.5
66.178,0.2
1,1.468
8,0.9
166.27,0.2
1,2.9
193.09,0.5
79.68,0.1
3,8.2487
1,2.1
309.63,0.5
16,0.8
2,0.3
15,5.7811
13,8.2
2,16.17
12,3.3
65.97,3.4
253,0.1
67,0.9
1,0.3
2,0.1
273.25,0.6
9,0.1
3,0.9
15,0.93099
155.25,7.6265
7,0.7
9,1
1,1.2
269.86,11.037
144.6,0.2
9,0.1
0.38041,0.2
16,8.8241
8,23.045
25,0.3
20.751,14.594
1,2.2
7,11.342
1,0.3
1,1.5
35,1.4
1,1.2
9,6.8372
6,1.3
3.6746,1
9,5.8286
278.45,0.7
26,0.1
308.68,0.63181
1,1.1
1,2.3
30,1.6
1,0.4
6,0.4
3,1.7
7.4702,0.1
44,0.2
1,2.4
1,1.2
51.044,0.3
23,0.7
2,0.7
20,2.9
1,23.149
26,2.2
325.74,4.4259
26,0.2
239.8,0.3
39,2.6
2,0.6
1,0.7
13,0.88595
327.66,5.1
19,2.1163
2,0.1
17,0.8
200,4.5
14,13.021
5,7.316
8,12.549
30,0.2
2,0.3
1,0.7
1,0.6
28,0.4
22.136,0.10966
1,0.3
24,2.3958
1,2.2882
43,0.2
15,0.6
80.191,18
1,7.7967
13,34.752
7,0.6
7,0.2
1,11.834
11,0.6
26.689,0.3
8,0.7
170.45,0.2
9,0.5
8,6.3576
11,0.3
10,0.1
20,0.6
10,0.1
11,0.5
18.63,0.5
29,0.1
10,10.789
40,1.2
12.965,2.2
306.65,2.2
21,0.1
13,2.7
37.135,23.564
7,0.4
1,0.1
59.481,1.2
69,14.069
194.92,23
17,0.1
1,0.5
2,0.9
1,7.8296
1,0.8
26.784,10.842
1,0.1
40,0.1
4,0.21344
48,0.2
69,0.2
20,0.6
113.29,0.70514
18,2.4
1,4.4449
28,0.2
40,14.042
2,2
8,1
206.97,11.568
6,0.6145
1,1.5
37,0.7
1,1.6
172.87,0.2
12.01,9.8295
27,0.5
173.75,4.2303
191.63,5.5
6,6.7821
17,1.1
17,2.6308
3,0.1
6,0.1
3,1.2
10,0.5
3,0.4
48,0.3
1,0.3
6,0.2
7,0.2
10,1.1
1,0.9
44.685,2.6
200.15,0.2
69,0.2
10,0.2
256.65,11.491
1,0.1
17,0.3
9,1.5
1,0.7
3,14.753
4,0.4
17,6.9966
10,0.1
6,4.5
205.4,0.4
173.48,1.2
246.61,1.6
15,6.3692
8,0.83213
1,0.2
1,0.5
17,0.7
1,1.3
204,1.2
3,0.9
49,0.3
1,1
59.864,2.9
158.66,1.1
1,2.6
12,13.284
2,3.4
1,0.4
3,40.375
58.525,0.5
58.48,3.6
1,2.5
3,2.2997
67.822,0.1
13,1.7342
1,0.7
54.287,2.6
4,0.4
81,5.5226
13,0.2
10,2.5
1,1.2
1,1
54,1.2198
82.6,2.6
11,1.9
11,5.5
1,0.2
1,0.9
1,10.429
6,0.3
200,3.8
15,0.8
1,0.3
2,0.2
33,1.1
2,0.8
292.85,2.1
6,0.1
183.62,2.2
239.48,1.2
227.58,1.1
17,33.84
2,0.23364
1,0.6
1,1.5
31,0.2
8,2.6
1,3.1285
24,0.1
9,3.6
20,13.5
44.041,0.8
139.19,2.4
81.384,0.4
4,0.1
1,6.6
1,1.4
57.986,0.1
45.553,15.591
1,1.5482
244.27,0.9
41,0.2
1,0.6
25,1.3023
41,1.6
3,5
19,0.8
1,1
1,0.1
1,23.48
1,0.1
79.101,0.3
7,0.7
23,0.3
21,1.7
3,0.9
48,2.2
70.195,0.2
3,0.3
7,13.004
43,13.5
1,1.6
1,0.1
4,0.2
156.48,0.4
15,2
1,1.5294
1,0.2
13.307,0.6
49.608,3.0003
1,0.2
155.63,0.6
7,3
1,0.7
3,0.6
194.37,0.1
1,0.1
30.411,0.1
8,0.2
3,1.4
2,1.7
305.68,0.2
3.8997,2.2
2,18.682
9,0.2
92.701,0.1
1,0.3
4,0.1
183.94,2.1773
2,17.614
19,0.6
11,0.7
12,3.7036
4,14.058
1,4.3
18,0.4
272.87,4
17,33.852
12,2.5
11,0.3
1,2.2
20,0.2
29.683,0.4
2,0.3
21,0.1
17,0.3
13,0.3
1,0.4
298.37,14.144
1,0.5
1,0.3
1,3.2
232.94,0.6
14,0.4
17,0.7
1,1.6
14,0.2
12,6.2378
41,2.2
12,0.2
33,0.1
263,0.2
174.16,34.762
4,1.4
14,0.4
55,0.3
27.507,2.6
29,0.5
211.53,2.2088
22,2.9
11,33.743
5,0.5
67,0.8
5,0.3
5,3.1483
1,0.6
1,0.3
204,0.7
3,0.1
189,4.1
1,6.4
9,12.794
2,0.6
10,0.5
2,6.4021
6,52.748
6,0.2
21,9.2978
2.7308,23.156
1,3.3
6,3.9
2,1.1
8,1.7907
1,1.3
39,4.1711
1,8.6116
5,3.6523
3.2436,6.1
79.436,14.925
14,0.6
1,1.3
43,0.3
21,1.2
1,0.2
2.596,2.084
13,2.3365
29,1.1
47.915,0.1
1.7263,0.1
189.14,0.8
6,0.4
1,4.6
20,1.7
44.291,15.939
8,2.2
41.884,0.5
1,18.498
3,1
69.302,1
16,3.9787
32,0.7
33,34.05
1,0.2
20,1.2
24,1.1
2,0.4
3,7.5491
1,0.9
54,0.5
1,0.4
1,0.2
34,1.1
1,19.285
1,0.1
1,2.6
8,0.4
25,0.1
8,0.8
4,22.171
11,1.3
1,3.9
1,0.6
6,4.6871
36.211,0.2
18,1.1
16,15.174
25,6.3761
12,0.4
15,0.5
245.43,0.8
1,0.5
37.451,0.6
23.065,0.4
1,0.1
33,0.7
4,1.1
22.601,3.5354
7,0.9
1,0.3
18.137,0.6
40,0.8
16,0.5
14,0.7
1,0.1
12,3.4
244.84,0.3
13.566,0.2
14,0.5
1,1.1
2,0.4
193.69,0.8
1,0.9
1,0.1
2,0.2
31,0.2
2,1.4
8,23.131
2,5.3
10,0.4
6.4611,0.2
1,9.2689
1,0.4
209.04,1.8
13,0.4
3,0.2
8,0.1
2,0.7
13,0.5
7,0.3
14,9.8731
2,0.2
40,0.9
1,1.3
23,0.7
69.29,0.4
305.82,0.5
40,0.3
20.493,0.3
13,0.6
3,3
1,0.9
16,0.2
176.12,1.4196
6,2.8
3,0.7
1,1.5
1,5.481
141.7,0.2
1,1.4
26,1.2
29,0.2
1.4052,3.2
23,0.6
34,5.0687
5,6.6283
2,1.1
1,2.1
2,48.208
29,0.4
41.468,2.2
38,0.6
1,2.1
5,2.3053
1,0.1
1,1.2
10,0.7
1,1.2
74.465,0.4
23,3.3
45,0.1
1,1.3
9,0.8
9,0.8
1.3683,6.6
1,2.7
16,0.1
15,1.5
30.072,3.3
37,0.1
13,12.836
6,3.1227
4.2776,0.3
155,0.6
22,5.2803
4,2.6
59.636,0.5
25,3.5
184.35,1.2939
17,0.2
4,2.5
12,0.1
60.768,11.4
1,0.3
16,1.6
55,1.5
1,1.4
4,0.2
1,19.01
12,2
43,0.4
1,0.3
245.04,0.9
5,9.1473
16,3.7591
3,2
1,4.8421
0.13161,2.6
1,1.7
2,0.5
1,0.8
29.993,0.1
43,0.3
13,2.6
155,0.1
1,1.1
1,14.63
17,12.45
37.417,0.5
58,0.2
46.645,0.1
3,3.6
23,2
1,0.7
21,1.2
2,9.0392
236,8.4745
8,0.2
16,0.1
25,0.4
3,0.9
1,0.5
60.12,1.4
3,6.3034
54,0.1
13,15.663
1,4.5
7,0.1
1,6.9432
1,0.9
19,9.8
1,0.3
1,2.2
1,1.9
14,2
14,0.1
8,3.6
6,0.5
3,0.1
252.05,0.1
49.071,1.4
35,0.6
1,15.203
1,23
1,0.5
8,0.1
1,2.7363
40,0.6
28,0.1
1,4.2807
1,0.4
1,0.6
9.4678,0.2
1,0.2
32,1.3
20,1.1
43,0.2
11,2.1
268.84,0.3
7,0.3
11,0.6
6,4
2,4
3,0.6
43,0.8
4,0.8
11,0.2
245.82,2.4076
1,1
2,2.4094
159.91,0.4
8,0.4
13,1.5
2,5.3859
13,0.8
8,0.2
21,2.6
20,1
15,0.7
26,0.1
1,1.2
1,1.9
307.69,2.9
69.23,4
32,0.9
43.992,0.4
54,2.5841
81,0.2
23,0.3
7,10.661
241.19,0.9
40,0.3
23,0.6
191.96,0.6
8,0.3
11,1.5
9,0.4
1,2.1
214.15,0.4
39,3
242.48,3.9
12,0.6
58,1.4
20,0.3
1,0.3
14,1.3
219.4,1
289.26,1.1768
7,0.3
226,0.3
17,0.9
5,0.3
254.06,1.3
9,0.1
3,1.4264
7,0.2
277.46,0.7
1,0.4
7,0.3
27,5
27,1.2
23,1.1
12,0.3
1,4.5
15,1.3
6,3
39,0.2
29,0.2
1,1
15,4.0493
4,1
8,2.6
1,0.2
1,0.2
10.029,10.846
2,1.6
1,7.3455
200,0.9
23,0.6
33,4
10,0.4
219,0.2
22,0.8
10,1.3
1,0.1
21,8
8,0.2
1,0.7
23,0.2
14,4.5035
139.18,1.3
2,0.5
16,0.4
15,0.9
1,0.8
22.157,5.1
1,0.4
15,23
34,1
5.0163,0.9
47.948,2.3
41,0.2
1,6.9261
1,2
1,0.2
2,1.7
11,3.6
35.333,1.2
300.59,1.1861
5.8359,0.4
6,6.6
253,2.6
10,0.3
11,0.2
1,1
1,4.1
11,0.3
1,0.1
40,0.3
2,24.243
1,0.1
3,19.02
71.312,0.6
1,0.6
20,2.5596
1,0.3
1,0.3
34,1.4
13,6.8478
26,0.3
1,0.5
6,1.2
16,0.1
19,2.2
2,0.6
32,9.8
257.56,1.4
6,0.9
69,2
1,0.1
79.487,0.1
33,0.2
7,1.2
18,0.9
22,0.2
58.403,0.2
30.007,0.2
55,0.6
11,0.4
1,0.7
8,6.9269
2,0.5
17,0.1
59.117,1.9
25.761,14.062
20.849,0.9
39,0.2
8,3
1,0.5
41,0.6
5,0.2
25,0.2
20,0.7
-0.56049,8.7754
2,0.6
2,13.242
48,14.019
12,23.339
6,0.9
20,0.1
1,5.0021
15,0.1
15,2.7
8,0.4
2,6.6639
24,0.70927
256.72,0.5
158.92,2
22,5.3832
16,1.7
8,1.4
13,0.8
6,0.1
1,2
250.47,0.2
33,4.2357
14,1
184.22,2
1,2.6
5,1
10,1.2
2,0.6
69.57,0.5
8,0.3
32,3.003
91.315,1.6
2,0.8
41,1.4
242.28,0.1
1,3.8
20,1.2
18,14.994
1,14.41
293.51,2.1
24,3.1831
19,0.9
8,11.457
54,2
236,2.3
236,0.3
11,0.7
38,26.962
5,0.5
102.69,0.5
19,6.6
16,4.6002
29,1.3
5,0.7492
54,0.3
1,10.923
1,0.1
7,0.2
1,24.214
36.475,3.3067
7,0.3
11,4.5925
8,11.4
23,0.2
1,0.2
18.488,1
20,4.927
192.02,0.8
1,0.9
223.86,34.844
1,0.22714
1,0.4
13,0.6
1,0.1
2,0.2
94.735,0.9
27,0.4
7,0.3
1,0.1
256.36,0.1
23,0.5
9,0.9
43,3.0034
172.19,0.5
1,3.4
16,6.4
236.02,0.45164
2,2.0492
6,10.19
206.68,7.3436
14,1.3
19,0.2
46.923,0.2
132.63,0.5
7,0.1
9,0.9
10,0.1
7,2.3
54.52,2.6
4.9121,0.7
9,0.7
12,1.3
5,0.4
272.46,1.7
23,0.2
1,0.2
2,0.3
1,0.5
20,0.2
253.98,0.2
22,0.3
13.24,7.4598
16,2.5
25,0.8
1,1.3
1,0.1
19,0.3
81,0.57063
1,2.1
21,1
43,12.83
14,13.619
8,1.9
2,0.9
22,0.2
17,0.1
19,0.1
1,6.8503
1,0.3
1,0.1
7,0.2
13,0.5
1,2.5
10,4
33,1.7
8,2.2
49.839,0.4
9,1
173.65,2.2
1,10.129
183.95,1.3
19,0.6
4,0.1
1.4408,14.229
10.284,0.5
1,0.2
189,1.7843
7,0.3
9,0.4
1,0.5
13,0.6
14,0.83752
2,2.3
170.7,5.5
1,0.9
28,11.444
58,2.1512
13,0.8
16.368,0.5
11,1.4796
1,1.4
20,8
4,2.2
307.48,0.5
2,4.5
20,0.9
1,3.235
3.1465,0.6
13,5.3691
4,2
1,0.9
33.814,2.4555
59.007,0.1
2,0.2
26,2
9,2.2
12,5.5
4,0.5
7,0.9
12,1.7
13,0.1
253.85,2.9
305.22,3.6
41.266,0.8
2,0.5
219,11.574
1,0.3
8,0.2
7,1.1
16.925,0.2
211.71,2.5405
14,14.267
2,0.3
21,0.4
13,0.3
33.963,0.8
23,0.3
12,0.5
8,0.2
55,0.8
30,1.6867
13,0.1
1,0.5
1,0.3
8,6.4
9,1.1
54,6.7817
155,0.5
20,23.183
38,3.971
1,5.3
23,0.2
26,0.4
33,2.6
40,4.5078
22,23.561
1,0.2
26,6.1
6,2.9
2,2.1
37.415,0.9
9,0.3
27,2.1236
253,0.2
55.469,0.4
3,0.8
219,0.2
210.4,0.5
9,0.8
39,0.4
8,0.2
13,1.5
21,23.412
13,4.1237
1,1.3
2,0.3
20,0.4
1,1.1
58,0.1
8,17.144
226,0.3
18,0.8
19,2.2
60,0.6
182.75,0.4
14,0.4
45,0.4
9,16.024
250.81,1.2
1,0.2
1,0.1
128.99,0.5
65.341,0.5
7,0.8
4,1.1
2,5.4772
2,0.3
236,1
19,0.9
1,0.2
25,0.2
2,33.468
1,5.6462
20,1.527
10,1.1
2,0.2
222.42,1.4
10,0.3
9,1
38.09,6.4
11,4.3
1,0.8
42.431,0.2
1,0.6
8,2
12,0.5
11,0.2
19,0.7
191.44,0.3
1,5.3
273.23,0.4
1,2
6,0.5
290.36,1.6
10.478,0.7
1,2.5
236.81,0.9
257.69,2.2
3,0.8
21,0.7
1,1
8,0.19901
13,0.1
1,1.2
219.11,2.654
10,0.2
10,0.3
1,7.9119
3,1
48,3.6
17,0.8
3,0.1
1,1.1
6,1.4
6,1.2
236.6,0.4
80,0.3
1,0.8
1,0.6
9,9.8
1,0.1
42.989,2.6
1,1.7
2,2
26,0.1
38,0.3
23,6.6
1,0.3
21,4.0375
12,0.6
1,0.6
169.52,0.2
95.923,0.9
1,0.2
8,0.5
17,0.1
6,0.36117
2,0.8
37,1.5
247.33,0.7
13,9.3729
38,2.4674
1,9.8
3,1.4
1,0.2
29,2.6
55,0.1
11,0.7
21,22.195
8,7.5573
1,0.9
3,1.4
308.57,0.9
45,0.5
3,0.1
204,4.3663
25,0.8
60.357,13.535
1,1.2
2,0.4
10,0.1
183.14,0.1
17,1.7
2,3
9,0.3
1,0.7
16,1.6
13,13.5
31,2.2
1,0.5
40,0.6
1,0.2
1,0.4
1,0.2
32.934,0.2
8,0.5
7,2.3
43,0.4
1,1
23,0.4
2,0.9
3,17.717
10.963,0.1
48,0.3
8,0.3
4,0.4
25.196,4
13,0.5
1,0.3
34,0.2
8,0.4
33.061,0.5
1,0.5
21,0.4
1,0.4
37,0.6
1,5.3934
3,2.1
25.767,2.6
43,0.3
27,0.2
47,0.4
89.138,4.2096
5,0.8
10,0.3
22,1.1
1,2.6
1,2.2
52.406,2.369
7,2.6
48.581,0.7
1,0.3
256.29,10.766
1,28.366
26.309,2.9
236,1.6427
51,2.5314
7,0.8
39,0.9
10,0.5
4,11.225
2,0.8
1,1.0486
1,0.1
13,0.4
1,1
1,0.4
55,1.4
17,24.205
7,6.9957
28,6.359
1,2.6
13,2
13,2
1,0.9
288.66,0.7
1,2.2
22,0.5
7,0.2
6,56.8
2,2.1359
3,0.9
2,0.1
2,9.1205
3,0.8
30.798,1
1,0.1
12,0.2
18,0.7
2,0.2
172.25,0.6
1,0.3
11,0.5
1,5.494
13,2
6,2.2
1,0.1
2,1.2
15,1.1
1,15.04
1,9.8
52.499,2.7
27.662,0.3
34,2.1
4,0.2
27,0.5
1,0.1
3,0.3
4,0.3
1,0.3
2,1.4
1,0.2
8,0.1
55,0.3
5,2.6
190.97,2.5
21,0.8
14,4.755
1,0.2
11,13.5
219.09,0.1
23,0.2
67,1.6211
255.37,6.1
8,13.646
39,14.643
17,1
21,0.2
1,3.4
6,2.9
9.047,2.9463
4,2.1
1,2.9817
7,0.1
54.832,3.6
9,0.1
41,11.793
6,0.2
14,2.3
7,0.2
30,0.1
40,0.6
21,0.77225
290.87,0.2
271.95,0.4
9,2.2
263.36,0.5
55,0.6
1,0.1
8,15.298
236.43,1.5
43,3.4
3,1.7
1,5.1
1,7.2001
7,0.4
2,2.2
11,0.5
7,0.4
40,0.3
14,4.2
20,1
1,0.7
8,0.6
8,4
2,2.2057
4,1.3
17,0.4
11,0.2
44.961,0.1
2,0.2
6,3
9,0.1
30,5.2512
21,0.2
1,0.5
1,0.1
21,6.0328
23,0.1
21,3.4
9.7171,0.4
219.95,0.1
19,0.3
1,1.5
1,0.3
1,0.2
36.171,0.1
16,1.1
8,5.3146
44,0.2
45,2.4
9,0.2
266.07,0.2
14,0.2
205.22,3.4
3,0.8
55,5.685
12,0.4
269.88,0.4
4,0.3
8,11.754
58.881,4.9534
10.995,1.2
305.97,0.1
18,0.9
3,21.394
26.208,1.8729
1,4.7809
1,0.2
1,0.6
4,0.1
19,11.43
1,19.682
1,2.5
20.663,1
2,2.9
1,2.2
2,0.4
2,0.4
31,0.2
1,1.8
9,0.2
16,0.4
54,0.7
66.245,1.2
27,0.2
55,2.5872
1,0.2
1,3
2,4.1
2,18.336
1,0.4
61.672,33.844
16,18
210.11,2.5
11,1.8
26,2.6
1,1.6
1,14.191
194.42,0.2
1,0.2
7,7.9081
10,0.3
3,5.1
55.931,6.2982
9,0.1
1,0.51295
49.991,0.1
0.47856,0.3
55.802,0.7
10,23.413
28.765,0.2
14,2.7
1,1
69.459,1.3
8,0.2
26,2.7
1,7.3465
215.15,4.5736
39,0.4
226,0.5
6,0.2
15,0.1
1,0.2
11,4.1541
1,1.7
6,2.2676
6,1.5
13,0.8
35.18,0.3
90.621,0.19567
1,0.5
16,0.4
1,0.3
1,0.7
6,3.0854
23,0.5
12,0.2
200,2.2
236,4.1943
43.986,23
8,3.6
1,1.0554
0.75523,0.1
13,0.2
18,0.1
60.367,0.1
6,0.2
55,1.7
9,4.3664
33,2.2
48.842,1.3
11,13.5
14,2.6
2,0.4
190.42,0.9
10,0.4
20,0.2
194.17,14.128
5,2.7
6,0.1
33,0.7
1,3.3556
14,9.2088
6,5
9,0.2
10,2.3
1,0.3
5.5966,19.029
49,7.7523
1,0.1
20.411,3.1813
270.36,1.4
2,1.1
21,7.5065
1,1
37,2
1,14.054
18,2.4
2,0.5
7,0.4
280.37,0.3
62.28,1.2
201.16,3.6
3,1.4
7,0.7
14,0.5
1,9.6398
2,0.2
57.559,0.5
1,0.3
220.18,4.5
79.467,0.8
25,14.946
8,0.1
19,0.2
220.77,9.3398
9,0.3
305.81,0.7
51.645,0.5
11,2.7
181.75,0.3
1,2.2
11,0.3
17,1.4
14,1.1
69.528,0.2
30,1.6
4,11.073
1,0.9
6,0.8
33.201,0.2
246.52,2
37,0.6
3,1.2
6,0.3
29,1
1,0.2
160.25,0.5
1,23
38.922,0.6
19,2
10,0.2
-0.35797,0.9
1,2.6
9,0.4
16.076,0.2
8,12.519
25,3.8626
24,0.5
18.694,6.3405
7,2.5
6,0.2
1,0.3
245.13,0.4
1,23.749
1,11.642
3.151,0.9
92.657,6.4095
1,0.3
1,9.9774
1,8.2
42.919,0.2
45,1.6
5,0.9
314.8,8.3611
2,3.4
11,0.2
39,0.1
1,0.2
69,2.1
34.558,2.6
11,0.6
17,1
1,0.4
1,0.6
1,13.315
1,1.4
13,3.8458
225.15,1.1
3,0.4
10,3.6
2,0.2
4,6.4
18,0.4
29,20.825
305,1.4
1,0.3
161.5,1
29,3.3558
1,1.6
215.81,2.6
2,0.1
203.78,0.3
4.6551,0.1
2,0.2
19,0.6
190.7,0.1
20,0.4
263,8.0227
41,1.3
10.03,0.1
16,2.1
43,0.2
6.8283,1.5
21,2.1
17.788,3.4
13.379,1.6
1,13.094
13,6.4156
15.008,2.5573
2,0.6
359,0.6
3.8786,0.5
1,0.3
2,2.6554
44,13.876
75.695,0.7
20,6.4
172.62,0.2
14,2.6
15,0.4
29,0.5506
1,23
5,2.3
11,23.186
1,1.4
29,0.3
13,0.3
1,0.5
1,0.1
1,0.2
1,2.9555
6,0.7
9,0.7
4,0.1
1,0.6
70.422,2.0027
15,3.1215
308.62,2
2,7.8283
1.8332,0.6
12,0.8
9,9.3039
16,1.2
51.856,2.2
7,1.5
41,1.2
3,2.6
1,3
29,0.3
1,15.179
24.756,0.3
17,1.2
1,1.1
197.86,1.6
256.55,2.5
12,0.5
1,0.8
1,23.659
1,0.7
9,2.1152
13,0.3
45,0.1
54.156,0.1
3,34.315
67,0.7
12,1.6
15,3.0225
1,0.8
192.36,4.3
1,0.5
1,0.9
1,0.3
255.11,0.5
18,0.5
11,0.98151
13.206,13.775
24,0.2
1,0.2
6,1
3,14.272
81.772,0.3
1,3.6
8,0.7
25,2.2
7,0.9
49.212,1.7
59.029,8.9867
24,0.8
3.2581,3
55,0.3
69,0.4
2,0.4
206.94,0.8
1,24.233
1,0.1
1,0.2
0.35857,0.5
11,2.7
70.318,1.6
3,0.6
2,0.2
10,5.456
1,0.1
23,2.3
80.113,0.1
188.81,0.4
243.94,16.921
62.141,5.0552
140.12,9.697
11,24.099
2,1.6
6,0.4
1,0.7
4,0.1
13,1
39.369,0.3
17,1
1,5.1
23,0.8
1,0.3
2,0.1
298.62,0.6
43,0.3
2,9.1876
7,0.1
1,0.9
26,2.6
65.666,0.56555
5,1.1969
3,0.4
1,0.4
177.35,0.1
6,0.5
11,23.379
1,0.2
24,1.5
43,0.9
14,1.2
2,1.3
2,0.4
2,0.3
19,0.7
1,0.7
3.1558,2.49
2,0.9
10,0.2
1,0.7
39,0.4
3,9.8
201.91,15.559
180.6,3.4298
15,4
264.24,0.3
2,1.2
6,0.9
39,4
254.52,2.1
21,1.2
1,0.8
38.851,0.6
13,6.4
30,0.2
294.63,0.7
1,0.7
1,4.1
13.503,1.7
1,0.5
16,0.6
69,0.5
20,0.7
13,1.1
1,1.1
3,9.4743
6,1.9613
48,0.3
47.453,15.417
15,1.2
1,8
8,0.3
20,0.7
1,10.77
26,1.4
15,5.2949
1,0.5
14,1.1
1,1.0125
9,2.6
28,1.3
5,0.9
3,0.2
1,0.9
13,1.3
1,4.9994
252.13,0.1
1,3.2546
12,2
1,3
37,0.4
1,0.8
181.51,4.1
6,0.7
11,0.1
144.79,2.7836
2,11.588
17,0.1
44,0.1
1,0.1
13,0.6
45.185,0.7
20,0.2
15,1.1
23,14.046
245.87,0.5
1,0.9
187.44,15.853
3,20.626
16,0.3
1,6.4334
18,0.3
20,0.8
2,5.5988
9,8.7308
35.186,1.7
43,6.6402
1,2.2
8,0.3
232.2,20
9,0.4
1,0.1
19,0.5
45.62,0.5
20,0.5
1,0.3
6,0.1
10,0.1
14,0.3
1,2.4
37,2.3696
15,3.8
308.49,1.8
305.02,11.5
205.96,1.2
1,3.907
8,1.5
1,7.4898
94.577,2.7
13,3.3
1,0.6
2,2.2991
92.87,0.5
2,2.6
55,0.2
2,0.4
27,0.2
1,0.6
1,1.3
15,5.3
5,0.1
201.86,2.6
1,1.0842
89.614,0.8
4,0.8
292.19,0.3
2,1.7
1,1.3703
67.031,21.245
17,0.1
10,1.4
7,2.9
240.61,0.4
1,0.1
6,0.2
25,0.1
1,2.6
13,11.4
6,0.1
26,0.2
1,0.2
20,5.4058
1,0.5
37,1.1
13,4.1
16.714,1.2
1,0.1
18,2.7
11,2.4646
6,1.4
1,0.1
59.807,0.6
95.162,0.6
32.652,1.2
41,0.3
1,1.5
2,0.3
204,0.1
309.1,1.7026
227.46,8.2
11,34.606
19,1.8
1,11.393
6,1.1
1,2
13.194,0.8
8,0.2
38,0.6
36.441,3.0037
1,0.3
1,2.9
13,0.1
14,0.4
3,0.2
1,0.6
19,3.9371
10,0.4
18,0.1
1,0.1
11,0.6
5,2.1
1,4.7299
10,3.6
8,0.1
23,1.5
21,11.481
1,0.9
1,0.2
1,1.5
13,2
1,19.911
2,3.4
9,0.6
1,2.8632
82.051,0.5
15,15.549
17,1
13,0.5
20,2.7
3,22.424
4,0.6
41,20.105
39,0.1
19,0.6
9,0.2
1,0.8
1,0.1
33,0.1
9,1.1
26,0.6
236.55,0.3
2,0.1
1,0.1
7,3
2,1.7279
2,0.4
12.483,0.6
6,0.5
3,8.1224
13,0.6
20,1.6
1,2.1
9.8964,0.1
1,0.5
6,2.1
21,0.8
10,1.3
1,0.3
1,1
13,0.6
6.2754,0.4
14,0.6
217.82,0.1
14,0.2
1,0.1
1,0.5
34,2.1
1,2.3
20,0.4
1,4.2227
12,0.9
3,0.8
20,0.2
7,0.2
8,0.8
1,0.4
6,1.2
13,15.333
9,11.5
16,2.5
247.22,3.5
1,0.3
1,0.9
66.95,3
24,2.6
55,0.1
17,2.2
39,0.1
6,0.3
140.53,0.9
1,0.2
15,0.92374
27,0.4
27,1.3
26,0.8
39.453,2
11,0.7
6,0.3
39,7.0502
1,2.3703
8,2.3
359,1.4
15.461,0.1
34,0.6
6,0.2
14,0.2
161.06,0.2
167.79,6.9839
9,0.2
1,0.4
31.894,0.8
13,3.6896
1,0.5
41,3
4,1
43,5.1
359,11.4
69,0.5
4,1
21,5.3422
2,0.1
193.32,0.1
8.0749,31.796
12,1.5
1,3
24.763,0.5
17,0.9
13,0.6
21,4.1284
298.99,0.6
40,10.604
20,0.6
80.753,1.3
1,0.4
8,0.4
250.75,6.9749
21,0.9
17,1.3
3,1.3
1,5.1
288.23,0.9
1,2.3
29,9.1506
41,8.1666
17,8.6889
1,2.2
1,20
5,2
25,0.9
1,2.9
1,3
232.01,0.5
307.07,0.2
6,1.1
4,0.3
19,0.5
12,0.1
14.259,0.1
161.13,0.3
21,3.1599
39,1.5306
2,0.1
1,0.3
51,1
1,1.3
1,0.1
3,0.4
14,0.4
9,3.4
191.42,1.4
359,0.9
17,0.6
43,1
43.547,0.2
1,0.9
1,0.2
5,0.6
1,0.4
1,0.4
4,0.5
2,15.199
29,1.0734
26,6.6008
3,0.5
1,0.7
3,2.6
4.4242,0.6
9,1
1,0.2
6,0.5
31,0.6
4,1.2
261.63,0.2
239.23,0.4
55,9.082
16,2.9
1,0.1
1,33.878
11,1.4
1,23.199
193.89,12.596
67,0.2
23,2.2
4,18.9
3,0.2
17,0.6
2,0.3
3,1.3683
3,0.1
141.09,0.1
183.02,9.8725
12,1.6
11,1.4
80,1.7
18,13.852
1,0.4
1,0.5
1,1.7
244.42,0.1
11,0.5
19,0.7
7,0.7
40,2.1
23,0.3
26,3.9
1,1.3
203.33,1.1
4,0.7
257.7,0.4
12,0.2
12,1.1
1,2.6
20,0.7
4,8
282.06,0.4
257.86,1.3
222.06,0.2
1,0.1
6,0.1
1,0.4
1,0.5
195.45,7.6026
4,0.2
4,1.9
10,3.2066
24,0.2
5,2
2,0.5
57.184,1.6
80,2.2
67,0.8
1,1.2
1,0.2
8,0.5
1,0.7
19,1.2365
1,14.539
15,2.3
21,2.6
12,1.7
1,0.1
71.695,1
4,0.2
228.77,0.9
171.12,0.1
236,0.2
2,9.8
1,0.7
11,0.8
13,0.2
1,0.3
1,11.5
34,3
10,0.9
23,0.5
17,4
13,0.2
236,0.3
7,0.8
42.967,15.522
344.51,14.236
19,6.0165
2,0.4
69.507,4.1
1,0.4
1,0.9
193.07,0.1
9,0.6
39,6.9948
2,1.4
297.85,2.3834
17,2
8,1.1397
201.09,4
6,0.7
16,8
1,0.4
17,2.2
14,0.3
16,0.2
5,0.2
1,1
13.771,2.6
40.524,0.2
6,2.5
10,1.6
91.876,3.768
48,12.126
68.578,0.2
222.39,2.5
3,1.4
1,0.49751
1,3.3
1,0.1
23.288,0.5
1,0.1
41,0.8
2,1.8828
171.59,0.3
2,6.3045
230.61,0.5
5.2476,1.7
40,1.5
1,0.2
21,0.3
2,0.2
42.5,3.5205
81,0.1
1,0.1
21,3.4
27,0.1
8,0.1
1,2.1648
34.262,0.8
1,2.1
7,0.2
80,5.7741
138.23,3.8
11,1.7
5,1.4
4.878,49.016
38.749,0.1
173.22,3
160.3,1.8
6,8.2979
32.033,2.2
9,0.1
24,0.6
31,9.0175
1,0.2
21,0.1
1,0.9
22,0.7
21,4.1969
1,0.1
3,0.1
1,23.556
16,0.1
18,0.3
40,9.8
26,3.4
212.08,0.2
10,0.4
13,2.5
10,10.66
23,23.033
1,0.3
3,1.528
14,0.2
7,0.3
1,0.5
55,2.6
10,0.2
6,1.6
1,0.2
15,1.4
10,2.6589
12,0.3
12,0.1
4,4.2402
1,1
3.5635,0.1
1,0.8
1,3
2,0.1
1,1.1
81,0.63819
1,0.2
198.39,34.039
54,5.3
9.6615,4.4933
1,4.6
2,3.4
45.049,0.8
8,0.9
3,0.2
80,0.2
67,4.6119
44.292,0.8
1,9.9183
23,0.2
50.566,1.5
2,0.2
1,25.395
17,0.3
1,4.9411
13,3.1368
1,8
22,4.5
1,0.3
55,11.938
1,0.3
34,0.9
2,0.2
1,0.1
8,0.3
16,1.1
252.66,3.3
23,0.9
7,0.5
1,0.4
20,1
1,0.2
4,1.2
17,0.2
7,0.2
200.38,0.2
243.61,0.1
11,0.2
243.25,6.7619
1,1
1,4
0.077338,0.1
70.292,4.5
60,0.4
1,2.6
1,0.5
4,0.1
41,11.38
13,16.597
237.14,1.5
1,0.6
45.392,3.6
23,0.3
43,3.075
38.861,0.2
8.3241,0.4
32.767,1.2
172.01,0.8
1,10.638
46.275,1
3,0.4
2,1
47.594,0.1
2,1.5
1,2
40.812,0.7
3,0.4
6,0.8
1,9.0294
17,0.2
13,0.9
1,0.2
7,8.6351
5,9.4202
1,0.2
13,0.3
81,2.6
253,0.3
29,1.2
13,0.2
359,0.5
5,0.2
6,0.2
1,0.1
1,0.4
1,1.4
34,3.5548
40,0.3
5,11.615
1,0.2
1,0.3
16,0.7
190.45,0.5
6,1.4
2,0.1
1,1.1
80.61,0.1
10,0.3
4.9036,0.7
4,3.3
26,0.5
7,0.3
4,1.3
12,0.7
1,2.6478
39,0.9
26,4.3
38,0.1
2,3
3,0.5
44.438,0.8
1,2.2
24,3.6
206.97,9.7988
7,0.1
6,2.7255
1,1.2
1,0.5
1,0.4
33,1.9738
65.917,0.2
309.76,0.5
1,18
1,0.5
11,6.1
204,1.2
12,1.5
1,0.4
1,0.2
20.02,1.4
7,3.4
1,0.8
1,0.6
10,0.3
15,0.3
28.283,0.3
251.75,2.6829
11,6.1512
6,0.2
33,6.9823
8,0.5
19,0.2
50.239,0.4
1,0.4
11.747,2.2
43.569,0.2
6,0.5
1,5.3
28,0.9
1,0.5
33.644,0.3
25,1.3
77.951,1.7
55,0.1
4,0.2
1,58.386
24,0.2
1,0.9
12,1.2
8,0.2
3,0.1
24,13.5
15,1.4
11,1.6
1,2.1
173.73,0.5
2,2.6
24,1.6
1,11.758
4,0.1
1,0.6
1,11.4
1,9.8079
191.35,2.6
23,0.3
6,18
307.59,2.2
1,0.4
12,3.2977
41.933,0.4
28.752,3.3
17,7.5747
1,0.1
13.113,0.2
86.241,0.3
2,0.5
7,0.1
2,3.3
8,0.1
21.443,0.2
189.46,2.7
1,0.2
141.44,0.2
23,2.7
27,0.2
7,11.523
47,0.3
19,0.4
49,20.013
1,0.8
1,0.4
1,0.1
42.529,2.6
1,0.3
4,8.5822
8,0.8
305.62,2.2445
266.93,0.1
1,0.1
6,0.6
1,34.28
1,11.451
19,2.3
218,11.838
1,0.4
55,0.6
30,0.3
6.5454,3
2,0.1
39,0.9
4,0.1
6,1.4
227.7,0.40491
8,0.1
11,9.8
1,0.2
3,38.322
1,4.5228
1,2
1,11.316
3,1.2
2,0.4
20,1.3
6,0.8
31,0.3
1,4.1
43,0.4
1,6.33
17,0.2
3,0.2
1,2.2
1,0.1
47,0.1
27,0.5
36.767,2
257.83,4
3,0.3
2,9.8
80.853,0.9
8,1.6
10,0.4
28,1
1,11.75
8,2.6
2,0.2
1,3
200,5.5358
15,0.9
3,4.5
1,0.3
24,0.6
238.87,1
1,0.8
26,5.1
67,1.1
30,4.8846
247.76,0.7
211.33,0.5
1,0.6
26,0.5
16,0.3
6,0.7
11.578,6.7354
49,1.3
1,3.3
236,0.1
20,6.4
15,0.3
9,0.1
17,6.4
3,2.9648
68.637,4.6
4,11.902
3,1
33,0.1
2,0.1
1,0.2
15,1.4
1,0.1
13,0.3
13,1.0927
2,0.9
16,1.6
2,23.386
3,0.1
14,0.1
9,16.034
54.868,0.5
1,1
1,8.4052
1,4
14,0.4
1,1.4
4,8.2
9,6.888
71.022,0.1
23.058,1.4
2,10.674
11,2.2
21,0.7
1,4
262.93,0.2
189,0.4
1,2.4
205.6,0.6
8,0.6
2,9.2623
1,2.6493
17.83,0.8
182.45,0.3
20,0.6
19,6.4848
1,4.9362
14,0.16943
10,0.3
16,2.6
13,0.7
31,5.5
19,0.1
15,3.3
4,2
15,1.9114
1,0.5
1,0.7
13.27,0.1
64.348,0.1
1,1.2
8,0.1
1,0.2
25,0.2
2,1.5331
1,2.706
1,6.0935
295.88,0.9
270.74,18.908
80.77,1.6
33.826,0.5
1,7.4218
166.29,2.2
8,1
48,0.1
1,18
3,0.1
5,31.812
2,0.6
34.916,4.3
12,3.5
3,5.4483
10,5.1
24,9.9933
6,4.8101
23,6.7704
8,0.1
1,0.3
219.93,0.3
48.759,14.771
67.705,0.6
60.421,9.8
12.464,2.6
21,0.6
1,14.561
26,0.9
39,0.2
11,0.6
95.364,6.1
1,0.4
33,2.1
1,1.3
24,1.8
245.5,0.5
1,0.8
159.49,1.1
1,0.5
12,0.9
6,13.018
2,0.3
37,2.1
14,1.2
3,0.9
1,0.4
13,2
5,1.5
33.142,0.4
1,2
13,6.9981
23,9.1319
33.52,8
8,0.1
2,2.4
1,3.6
4,0.3
7,0.2
4,14.573
2,3.4295
16,0.3
20,2.6
10,0.1
3,0.1
19,0.5
94.78,12.596
70.436,0.2
49,3.8077
39,0.4
13,0.1
1,1.6621
7,0.2
79.895,1.4
1,3.9
1,2
1,0.4
20,2.2
10,1.7
1,9.8
13,8.2
23,0.5
30.948,0.5
44.604,2.7
187.51,8.0322
58.657,1.9
13,0.4
1,0.1
13,0.2
130.39,16.362
14,0.7
4,3.3
14,0.7
11,2.2
1,0.2
318.98,1.5
305.6,0.1
48.856,0.9
37,4.4796
43,0.1
20,1.4
1,0.1
172.81,10.988
2,4.2
306.53,3.9629
9,2.8
19.589,2.1
21,3.4
1,8.1622
1,0.9
2,0.3
1,0.1
19,0.6
5,1.0359
14,0.7
1,1.3
1,0.1
32,0.7
1,17.273
12,0.3
1,1.7
34,0.2
17,0.4
136.23,0.1
45.588,0.3
21,0.7
19,2.1
297.68,9.0085
15,0.1
11,0.5
21,0.4
43,8.2
1,0.2
1,2.6
265.97,16.755
47.675,0.1
27,1.4
1,1.2
1,0.1
1,4.5
40,2.5
3,3.5516
21,1.1
40,8.4765
18.535,1.1
14,1.5
50.796,0.8
9,0.3
1,36.261
1,0.4
169.44,0.3
21,11.4
6,0.5
19,6.4507
1,0.5
1,0.7
1,0.9
238.03,1
18,0.9
4,0.1
3,1.3
1,1.4
25,0.6
64.264,1
1,0.6
22.055,0.1
1,1.5
15,2.5
33,3.3
1,0.8
11,0.4
1,0.3
1,6.7759
21,1.6
11,0.1
11,0.6
6,6.6
1,0.6
25,5.1
1,4.6
1,0.6
1,0.9
191.34,9.9516
26,8.9005
1,0.6
4,2
23.829,0.2
9,0.1
1,1.2
4.0051,3.4
39,4.5
8,0.2
30.481,0.8
8,2.1
23,0.6
158.85,0.2
38,2
9.311,0.8
8,6.1
1,0.4
58.41,1.3
8,0.65455
26,3.0038
6,1.1
39,0.1
17,0.5
13,2.6
18.414,1.9463
1,0.7
23,0.1
10.528,3.4
29,3.4
6,2.5683
11,3
27.88,0.1
295.49,4
49,1
309.61,0.5
253,1.4
17.487,0.5
2,0.1
236.94,0.1
233.84,1.7
21,11.5
7,10.76
1,0.6
1,3
242.05,1
191.96,14.555
55,2.4
1,9.8834
11,3.0445
14,1.2
26,0.2
3,1
20,0.9
8,0.3
19,0.3
2,1.4
34,2.7
10,0.2
5,2
1,0.1
19,2.3
9,0.3
1,0.1
12,1.4
0.72525,0.9
1,0.1
16.971,4.6047
26,0.55222
2,0.4
36.429,3.4
2,0.9
21,2.9
1,0.8
13,0.1
1,1
12,0.1
11,0.5
13,0.2
43.123,0.2
38,0.8
17,1.7278
197.27,0.3
21,0.3
1,2
1,1.2
40,3
8,0.6
2,0.1
32,0.2
14,0.1
21,2.7
1,3.3224
19,0.8
13,0.5
200,2.6
-0.86061,0.2
1,0.5
20.148,4.3
9,15.937
5,0.6
11,1
2,0.1
3,0.1
1,2.2
155,0.2
14,1.7
1,2.5
11,0.3
11,0.454
8,0.4
7,0.6
9,0.1
32.13,0.5
9,4
0.1142,0.2
2,0.2
11,3.3
19,3.8498
2.0313,5.1857
4,1.7232
1,3.9151
36.259,3
10,0.3
17,0.8
14,1
23.222,0.5
12,0.5
1,1.3
6,9.2729
1,0.2
1,1.5
1,6.4
2,1
1,2.7
47.963,0.8
17,1.0628
26,0.5
13,0.1
6,3
11,2.2
4,3.3
20,4.6
191.73,17.73
20,0.4
19,0.1
29,0.2
16,0.6
82.902,0.1
20,2.6
2,0.6
1,0.9
189,8.4986
1,0.7
6,0.5
14,0.1
10,9.987
13,3.1298
9,0.3
28,2.1
21.837,0.3
307.86,2
251.21,0.1
9,4.1389
1,3.8
80,4.2586
1,2.6
243.91,3.4
190.62,0.6
7,6.796
1,5
21,1.2
40,0.4
236,1.1
14,2.2
21,0.6
1,0.2
11,1
19,10.353
5,1.1
16,15.948
1,0.3
1,0.5
16,0.1
6,0.1
1,0.2
1,1.6
10,0.5
28,0.1
2,11.567
1,0.4
1,6.5471
8,0.45249
2,3.2
8,0.1
31,0.6
1,2.7
18,0.6
4,0.7
1,0.2
44,18
1,0.6
19,0.36908
38,4.4707
1,31.829
2,0.6
258.37,0.8
22,7.4117
3,4.0624
15,1.1
2,2.5
1,3.4628
1,0.5
7,7.4138
189,6.7352
1,0.9
1,0.3
6,1.3
51.043,0.6
299.94,3.3
1,0.8
27,0.7
290.81,0.1
253.63,0.4
1,0.1
1,0.6
10,1.6
21.341,0.3
1,0.2
1,2
1,22.137
53.01,1.6
1,1.5
4,4.3668
7,2.6619
21,0.5
8,3.3
16.608,0.6
1,10.211
6,4.7745
7,0.6
12,0.6
45,0.2
1,0.1
1,0.9
33,0.1
73.78,4.3
82.54,0.2
219.05,0.5
41,0.4
80,0.5
1,1.2
250.99,0.5
8,0.3
1,0.9
1,0.5
14,5.2834
1,1.4
3,18
28.79,0.6
241.74,3.7705
19,0.2
1,0.2
1,2.7
1,1.4
5,3.2622
1,3.6
1,0.2
21,0.2
11,0.3
50.219,0.7
1,6.4148
4,2.6828
7.176,0.6
3.1785,2.2
14,0.5
9,0.2
32,0.4
24,0.4
27,4
10.309,0.9
10,1
11,0.9
6,0.2
172.37,1.8716
20,1
55,0.2
20,0.1
1,0.2
1,16.07
3,1.1
4,1.3
28,0.9
32,0.5
9,17.975
30,1.8534
44.88,0.2
241.57,2.2
19,7.8871
1,23.126
1,4.2
35,2.8385
3,0.2
138.89,0.1
47.068,1
1,2.7
79.693,0.2
2,0.5
43,2.6
193.32,1.1
1,0.3
6,1.2
20,0.5
10,6.4
1,0.2
24,0.1
3,13.511
21,1.2597
49.405,0.6
18,33.886
1,4.6
14,1.7
233.72,4.0845
4.6789,0.4
46.294,0.2
1,0.4
14,0.5
225.36,0.2
11,12.599
5,0.78992
11.461,14.855
13,8.4617
192.83,10.612
2,1.7
21,6.2348
16,2.2
2,0.6
1,0.2
1,0.9
13,0.5
21,1.2
4,2.4
1,0.7
1,20.482
1,3
1.5427,0.3
15,0.4163
7,0.3
1,5.4204
6,3.2
17,0.3
243.61,0.4
304.68,6.4
1,0.5
2,11.434
2,3.6
43,5.1
257.1,1
-0.91915,0.5
10,4.3
10,0.1
1,2.7
6,0.5
11,1.2
41.017,0.9
23,0.2
1,0.1
1,0.8
20,13.501
8,3.3
1,1.3
65.695,5.4292
6,26.31
65.026,0.2
4,0.5
24,3
20,1.2
14,1.1
192,2.7
16,0.4
8,0.4
12.723,6.6
78.91,13.5
9,0.9
8,0.2
17,0.1
1,0.2
1,0.5
3,0.2
33,8.6617
35.554,19.394
1,0.3
3,0.1
1,18
1,0.3
20,0.5
25.91,1.3
38.522,1
55,0.2
22,1.4
23,0.1
43.211,1.5
1,0.9
80,0.6
9,1
45.076,0.4
48,0.2
69,1.6326
2,0.1
1,1.4
1,0.2
200,18.48
29,0.2
45.519,4.9408
1,1.7
25,0.2
24,4.9233
6,2.6
14.85,0.4
6,0.2
19,0.4
24,0.6
6,0.2
6,2.6426
5,0.2
36.31,14.533
1,1.3
21,8.484
161.83,0.1
40,0.1
1,0.6
14,0.6
17,1.7
13,1.2352
4,1.2
1,0.6
2,1
21,0.8
13,4.5089
4,0.5
55,1
7,13.117
1,11.136
1,1.6
1,0.1
2,0.2
48.662,23
21,0.5
211.13,0.6
225.9,2
8,0.8
12,1
1,0.1
68.374,2.9
4,0.3
11,1.2
17,0.3
17,0.9
3,0.1
26.761,8
38,1.5
300.78,3.4
11,0.2
13,0.2
23,0.7
1,1.8
1,0.8
8,1.8187
4,0.5
59.1,3.3
12,0.3
17,0.5
1,0.2
34,2.2
2,2.7107
23,0.9
19,1.5888
13,9.3878
29,2.1
187.67,0.4
143.33,0.1
25,1.2
29,1.1
27,1.3
21,0.2
4,34.181
12,0.5
8,0.7
1,2
32,1.9
1,0.4
1,0.2
43,0.1
54,6.0573
2,0.5
1,10.343
1,1.1
1,2.6
4,0.9
1,0.2
36.188,0.2
2,6.4777
3,2.7
3,0.4
14,0.3
11,5.3
31.866,0.1
236,0.4
1,1.2
40,13.5
1,1.1692
263,1
12,0.8
1,0.4
1,1
2,0.2
1,17.837
40,0.1
1,9.9175
7,1.9
1,0.6
40.311,0.4
5,20.531
163.71,0.7
1,0.2
14,11.43
1,0.2
1,9.3673
21,11.4
242.99,6.1
31.966,0.4
273.06,24.335
18,0.4
16,0.4
40,0.9
6,0.6
39,5.5843
3,0.1
14,2.6
183.63,0.1
19,0.3
1,15.853
1,9.3583
1,1.4
40,21.343
2,16.87
1,0.1
49.943,0.1
1,0.1
48,1.8092
16,4
11,0.5
1,0.8
1,0.2
11,0.2
68.08,2.2
1,1.1
24,2.6
1,6.8221
25.054,1.1
9.5027,11.812
12,0.79829
80,6.4
1,0.5
58,0.3
6.8223,0.1
1,2.8
21,0.5
2,0.3
8,4
8,0.4
42.065,0.4
26,2.7
1,11.53
34.869,2.2
13,0.2
30,1.6
5,0.5
309.68,0.4
13,1.938
38.475,0.7
1,6.6
2,0.7
26,2.6
8,0.1
11,9.7949
1,0.1
2,3
1,0.2
187.46,2
3,0.2
306.71,0.3
158.66,0.2
21,1
17,0.5
15,0.2
2,1.3
3,1.0992
8,0.3
10,4.4736
13,0.2
72.635,0.6
9,0.4
21,1.4
309.99,0.9
1,1.3697
7.55,15.507
15,0.6
38,0.2
3.9073,3.9
4,0.5
1,0.3
1,3.383
1,0.46844
2,0.2
2,0.3
26,11.255
13,1.5
41,0.7
8,2.6
6,0.4
1,0.9
90.219,1.7
1,4.1774
4,3.6103
1,0.8
17,2.5
190.12,1.7
7,4.3
251.9,1.2
8,0.1
236,3.3214
9,0.3
1,11.525
27,0.1
1,6.8353
29.132,0.3
17,33.933
1,0.5
1,61.122
22,0.2
8,2
2,2.469
7,1.2
3,0.3
4,0.4
12,0.8
2,1.5
309.2,0.5
1,0.1
6,0.7
3,2
8,0.5
5,0.2
47.878,0.8
11,0.3
5,2
107.57,14.505
11,4.6
249.91,0.1
26,1.2
80,0.4
16,0.9
8,0.6
19,9.8
8,1.7
3,0.65676
35.174,12.815
49,3.6
45,4.1684
2,0.1
43,0.9
9,0.1
8,0.8
29.486,0.6
253,1.4
26,0.8
11,0.3
63.304,0.4
1,6.6389
26,0.3
5,0.9
1,8.4846
25,5.1
190.05,12.109
38,0.2
149.06,0.6
6,42.754
1,0.2
58,0.7
4.4185,0.4
30,0.5
9,0.2
1,0.1
38,0.2
4,0.1
1,6.5251
288.12,0.5
4,1.7
290.96,1.0553
1,9.1339
3,0.6
253,0.7
116.03,2.6
21,0.7
21,2
6,0.4
24,0.1
12.418,0.4
2,14.783
5.1229,5
1,0.1
23,0.7
1,0.2
67.148,0.3
6,3.6
28,0.5
54.604,6.1
60.821,0.2
235.4,1.2
71.896,0.1
7,2
1.9271,3
10,28.092
9,0.5
10,0.3
1,2.7
6,5.5255
6,2.6
8,0.9
2,1.2
19,0.4
1,0.9
69,0.1
3,0.6
11,5.4652
1,3.8
21,1.6
15,0.3
1,34.476
1,0.9
11.209,1.5
13,4.3
32.149,0.3
30,4.3214
1,0.2
3,2
3,17.968
39,0.6
2,0.1
13.787,1.3
1,1.7
21,0.1
37,1.2
233.49,0.2
40,0.2
5.4387,0.2
20,3.0247
1,3.4
1,0.1
23,0.1
182.64,0.2
7,0.8
1,0.8
1,3.3
1,0.6
158.05,0.5
8,2.2
8,0.2
13,0.2
43,0.4
11,23.382
7,0.1
5,5.1
145.71,0.6
2,0.4
26,3.2
9.2811,0.3
17.02,24.029
173.7,0.7
21,0.3
21,9.7439
232.11,0.2
308.75,0.9
21,0.1
25.015,0.5
1,0.3
1,3.1356
3,0.6
20,0.2
18,2.4
69,0.1
2.7791,0.9
2,0.5
2,2.6
15,0.4
204,0.2
205.64,0.6
1,2.1
1,1.2
2,8.4901
41,0.1
12,0.8
257.15,0.6
1,0.9
4,14.04
309.15,0.9
11,2.1
9.7674,3.8269
9,0.4
283.87,2
4,0.9
23,0.8
6,2
39,0.9
1,1.6
1,4.3747
31,1.6
4,0.8
11,0.4
1,3.3
7,0.2
1,2.7377
4,2.8333
7,0.1
37,0.3
8,0.4
24,1
305.64,9.0904
1,0.5
11,4.013
43,0.4
1,15.233
19,7.6723
81,9.7017
50.428,2.6
5.2629,4
1,0.73692
13,1.6
33,0.5
2.0857,0.1
43.482,0.7
31,0.8
9,3.9
11,0.7
1,0.3
249.08,0.8
1,5.179
181.2,1.5
1,7.8737
35,2.5743
11,0.6
225.11,1.5586
8,0.1
1,3.6857
21,0.1
44,3.7725
54,14.851
2,1.2
1,0.3
9,1.1
253,0.5
26.91,0.2
11,0.2
13,10.768
3,2.7
1,2.6707
21,0.9
12,0.2
233.36,1.4
19,2.9
80.516,2.2
55,10.085
5.757,1.5
33,0.8
8,0.2
94.685,0.7
1,3.5
15,6.6971
1,9.0305
1,6.8552
8.7628,1.8
23,2.2
7.5439,2.6
4,0.32763
257.35,0.9
21,14.079
2,0.6
21,0.4
1,3.3
8,0.29161
55,0.2
1,0.3
17,1.3
204.86,0.2
3,4.5
48.616,1.2
1,2.6
40,1.4
1,3.9848
1,1.3
2,2.2
33,14.989
181.55,2.5479
3,0.6
1,0.1
23,2
256.96,0.2
2,1.2
6,0.5
33,0.7
7,0.9
6,0.6
40,0.4
33,0.3
1,0.4
3,3.9
55,9.9036
1,2.9439
32,13.5
20,0.2
19,10.374
1,0.6
37,0.5
4,1.2
307.84,0.1
1,0.7
14,0.5
1,9.203
15,0.4
23,0.6
1,9.2043
12.105,0.1
17,0.2
1,1.7
182.24,1.7
19,4
31.806,0.2
38,2.2
9,0.2
1,6.1
4,1.1
1,1.7
14,0.7
3,0.9
9,1.8
12,0.5
82.288,2.1
1,0.3
25,9.5481
1,2.6
2,0.1
27,0.6
1,2.6
24,0.9
1,1.1
13,0.4
338.53,1.5
2,2
256.91,1.4
27,0.7
34,3.9
5,1.2
7,0.5
59.15,0.2
1,4.5
8,19.505
39.885,2
12.197,0.9
1,18
1,0.11657
4,0.3
5,0.1
7,0.1
7,1.1
12,0.1
199.69,0.5
1,1
13,0.5
12,1.4
7,0.7
1,2.2
263.16,1.2842
140.98,1.6
28.221,14.131
8,0.5
1,12.835
55.022,2.6
41,9.562
12,0.3
1,1.5
226,5.585
1,11.5
20,0.6
7,0.1
1,3.4
13.711,10.048
3,1
214.41,4.3522
33.415,0.4
1,15.225
1,0.4
15.753,0.2
16,0.3
37,0.2
2,8.2
13,0.2
14,0.5
4,2.6
81,0.4
1,0.8
16,0.1
1,0.2
28,1.8
2,0.5
17,4.5
1,2.2461
1,17.16
1,1.1
13.594,0.6
13,0.6
11,0.3
1,0.7
4,0.4
1,2.972
1,0.6
1,34.197
14,0.8
13,0.8
16,0.3
2,1.1
32,0.8
37,2
13,0.9
52.116,1.4
1,20.787
8,3
1,0.1
24,2.2
92.21,0.1
1,0.3
9,2.2
303.54,6.1
14,0.3
13,0.2
38,3.6
81.425,1.9
1,2.8072
19.793,0.4
4,1
1,1.2
0.67361,3.4
1,5.1
12,2.1746
5,0.1
2,0.4
48,0.5
2,0.3
35.837,2.7468
1,2.3
25.254,0.7
58,0.2
8,2.1
288.91,18.151
14,0.5
7,3.3
23,0.1
1,1.6
1,9.0805
43,0.1
24,0.6
1,4.5473
21,0.8
12,10.636
1,2
1,0.3
7,1
1,0.3
16,0.4
1,15.521
24,0.3244
1,0.1
1,0.5
220.05,2.2
11,0.1
1,1
19,1.2
2,0.2
6.5023,13.408
3,2.1
1,0.7
1,1.7
1,0.6
41,0.2
9,1.1
17,6.713
4,0.6
1,2.7491
14,0.3
71.498,5
9,0.8
48,1.5931
18,0.3
26,2.105
1,1.4
3,11.767
23,0.2
32,1.7196
13,1.1
27,1.2
10,0.1
1,0.4
1,1.3
21,0.6
61.748,1
11,2.8
8,0.3
40,1.3244
7,1.1
10,1.6
1,0.7
14,3
1,0.2
23,0.5
214.82,16.052
21,5.3432
1,6.1
1,0.4
3,1
191.89,0.9
43,0.3
15,0.5
14,1.6
14,0.4
206.94,2.9
21,0.2
4,1.2
1,11.661
253,0.1
10,1.0731
16,5.442
27,0.35937
1,0.4
48.49,1.9396
19,0.2
309.93,0.5
1,0.3
4,3
288.79,0.7
38,0.6
27,1.5
29,2.2
1,9.7623
71.3,0.4
67,0.6
1,8.1591
37.363,2.2
1,12.626
37,0.5
39,1.3
1,0.8
7,0.1
1,0.3
17,0.4
21,0.3
11,1
2,0.8
2,0.5
2,0.3
8,0.6
3,0.1
1,0.1
1,0.3
1,1.9
1,0.7
20,22.473
1,34.198
224.86,0.1
1,0.9
7,21.862
7.0832,1.2
17,0.5
8,0.5
156.49,0.7
1,0.6
22,2.6
205.41,0.4
19.658,4.4508
15,3
12,1.1
6,6.4
67,0.2
18,5.1
25,9.3805
234.32,0.3
1.0254,14.246
28,0.1
1,1.1615
9,0.7
4,1.6
21,3.4
269.98,4.1
21.019,3.4
1,0.1
9,0.3
1,0.2
6,0.5
4,2.0539
192.13,0.7
4,1.3
19,14.896
28.592,0.7
1,0.4
6.3798,0.6
1,4.1
1,0.9
23,10.701
26,1.6678
7,0.2
1,0.62349
5,0.2
15,0.1
13,0.8
1,0.1
263,1.4
2,0.1
10,0.4
19,0.1
308.48,0.5
52.155,0.2
11,0.4
1,0.2
1,0.4
15,0.5
2,0.9
8,0.6
1,0.7
80.525,0.5
10,0.6
13,3.6
1,0.2
43,2.1
10,2.9
19,11.212
15,9.801
13,1.7
18,2
1,0.3
40,0.6
1,0.2
19,3.2
4,0.8
24,0.7
18,1.2
6,1.2
1,0.1
2,23.638
10,1.6
2,0.5
1,2.6
13,0.1
185.54,0.1
9,0.4
10,26.23
7,2.3
284.94,0.1
1,0.7
39,0.5
6,1
17,0.1
14,13.885
13,1.6
3,0.6
94.193,0.9
1,1.2
1,2.2
29,2
1,3.4
38,0.4
1,3.2
8,0.4
1,11.571
12,0.2
1,5.1
7,2.2
204,3
3,0.1
1,0.6
174.13,0.8
190.4,0.28387
1,0.6
1,0.9
6.4112,0.6
33.995,4.5
12,0.3
11,1.1
21,1.1
1,14.924
26,0.27609
14,0.2
50.23,3.6
40,0.4
1,0.3
9,7.8428
3,13.503
1,0.9
43,0.9
23,7.9957
10,0.7
1,0.6
3,1.1
13,0.3
2,0.1
2,0.5
32,0.1
2,3.3115
1,3.5
9,1
1,0.9
58.059,2
20,15.568
1,1.9725
40,1.5
15,0.7
1,1.7
15.98,9.8235
3,1.2
193.77,0.2
6,0.3
1,1.3
171.16,0.2
1,2.5848
8,0.9
5,0.59451
12,0.1
1,15.731
1,0.1
23,11.675
23,0.2
12,37.536
1,0.2
26,4
1,2
1,14.923
13,0.8
19,3.27
8,2.6051
13,2.2897
171.54,0.4
1,2
1,11.354
38,0.1
19.691,1.2
1,1.2
19,4
1,0.5
37.332,0.1
40,1.8
2.0534,0.3
15,5.5504
191.78,4.8194
5,20
14.67,4
31,0.1
43,7.4326
158.82,0.5
80.721,0.1
40,10.684
244.75,5.0758
243.49,4
3,0.4
80,2.8
1,0.2
39,1
1,4.4424
-0.86632,0.2
3,23.052
2,4.3
10,1
2,3.6
1,0.57864
48.759,0.7
127.41,2.2
1,0.2
37,1
41.444,1.1
219.46,0.9
1,17.814
170.81,0.3
95.983,0.3
26,0.3
9,0.5
-0.5681,0.8
1,1.3
1,8.2676
10,0.1
1,3.6049
24,0.8
41,0.18717
10,0.2
7,0.3
17,0.3
17.617,0.3
1,0.8
35.532,0.1
40,2.3
1,5.5
32,0.2
7,19.706
8,0.5
6,0.1
4,1
9,0.5
1,0.3
7,0.1
12,0.1
47.575,0.9
2,1.2
1,2.6
2.2977,0.9
1,1.1
1,0.4
1,3
19,0.7
23,5.1
3,2
189.07,1
1,0.1
1,2.2
41,13.545
55,0.3
43,0.2
48,0.1
269.75,0.2
3,16.092
1.8788,0.9
11,1.2
25.534,2.5
8,1
1,13.467
13,0.6
182.9,1.1
1,0.2
1,1.4
173.12,0.5
1,2.2
24,2.2
1,0.1
16,7.5854
62.457,11.301
49,5.1
6,0.2
19,0.4
3,0.7
10,0.6
12,0.2
1,0.4
11,0.6
54,32.452
21,0.7
7,0.4
1,0.1
7,0.1
1,0.1
4,0.2
49.344,1.5
13,0.1
1,9.0845
1,0.6
33,0.4
19.438,0.9
24.333,0.7
253.67,0.1
8,7.51
2,24.785
1,0.2
1,2.1
1,2
17,11.314
245.14,0.4
1,0.7
1,6.4
24.298,0.3
1,1.2
2,0.6
1,0.6
1,0.20963
6.4188,2.1
81,2.1
200,7.4541
1,0.2
11,0.4
1,0.6
4,13.691
16,2.2
1,0.2
6,9.387
43,0.2
1,0.4
256.41,1.4
47,0.1
3,4.3604
15,7.1547
11,13.15
7,0.5
0.51831,0.7
4,3
6,2.6
26,2.7368
211.84,1.0842
2,3.0729
16,4.5
34,0.9
245.4,0.8
30,0.7
1,2.2
2,2.6
1,3.6
1,10.991
6,0.8
27,19.099
15,1.2
176.21,0.5
21,0.2
8,0.9
296.8,0.1
2,1.2
1,18.779
8,13.065
1,0.2
1,0.7
2,1.7
3,3.6
8,5.3069
1,2.8832
4.068,4.5
11,2.6829
188.68,1.1
190.49,1.3
8,0.2
7.1507,0.5
309.33,17.639
243.51,0.9
45,0.5
21,1.1
1,0.5
7,1.6
7,1.2
1,0.6
309.79,0.4
7,0.2
8,2.2
159.81,0.7
249.38,4.5591
28,0.1
12,0.4
12,0.1
56.332,0.3
8,0.2
15,0.3
2,11.641
1,0.4
7,0.2
18,1.6827
63.907,0.6
14,1.3
2,0.2
19,3.4
11,3
1,0.2
1,0.3
1,3.7773
14,6.817
33,0.6
21,1.2
26,0.4
13,2.4
14,0.9
4,2.0011
245.89,0.73372
1,0.6
21.079,6.6
80,1.6
29.687,0.9
204.65,4.2369
10,2.7
2.0536,23.412
10,1.4
81,0.2
31,1.6
4.1958,2.3783
1,0.8
20,0.39494
204,6.4
37,2
140.7,0.4
26,2.0036
1,1.2
4,8.5018
14,0.1
1,0.2
14,2.6
1,1.5
24,18
42.933,2.5
1,0.1
23.219,1.2
24,5.8
8,0.6
3,10.122
1,1.7
10,1.2
3,4.3
19,0.1
1,0.2
1,0.3
172.91,0.9
3,0.4
9,0.6
7,1.4
2,0.2
173.03,0.4
26,0.4
1,0.7
30,9.1627
54,1.2
1,1.4
95.875,1.3
22,0.1
80,0.3
14,0.1
32,0.1
1,2
236,1.1
1,1.1
1,0.1
14,1.5
1,1.4
16,1.2
69.085,2.7
148.2,0.2
17,0.73013
164.54,0.1
30,2.6
23,2.7
33,0.4
39.68,1.2
43,1.7
21,0.2
14,3
12,0.1
13,3.7875
-0.31185,1.2517
4,22.926
6,0.3
80,0.7
243.93,0.8
2,0.6
159.97,0.6
6,0.4
7,0.7
140.65,0.6
204.05,1.3
176.55,0.8
1,0.1
1,0.2
59.506,0.8
8,2.7
256.03,0.1
54,3.4
7,0.4
2,0.7
9,0.2
7,0.2
133.2,1
2,4.3788
2,4.5053
24.537,0.1
10,0.8
1,9.6607
10,0.4
56.682,3.5
9,0.1
245.75,0.5
2,0.3
245.2,0.4
12,0.9
139.56,0.6
37.612,0.2
48,8.7995
8,0.6
21,11.383
43,0.5
43,0.5
1,1.4
1,0.3
61.324,0.65436
1,0.5
1,0.8
1,1.0517
1,0.4
26,24.536
1,1.1
41,1.4
12,0.1
31,9.3029
14,1.4
1,0.7
3,0.1
1,0.4
19,0.3
17,0.3
23,0.2
1,1.5616
190.9,0.2
20,0.2
40,0.8
14,0.1
6,2.7
55,0.8
249.43,2
1,0.4
21,0.2
8,2.2
19,2.6
16,0.5
1,5.1
29,0.7
6,6.4
4,3.018
1,1.3
17,0.6
4,1.6
2,21.631
58.44,0.7
29,6.4
6,0.2
9.8873,1.4
1,0.4
18,0.9
18.648,2.6
13,2.5751
219,0.4
11,2.2598
30,0.6
31,1
359,0.2
11,2.0183
7,0.5
1,3.8
1,0.5
6,0.5
19,0.6
13,23
1,0.3
220.68,0.2
1,2.0263
20,0.1
200.51,1.2
12,0.3
37,0.9
14,2.6
2,0.6
6,2.3
7,0.4
36.603,0.2
1,0.3
2,0.4
172.71,0.2
21,0.1
35.236,2.2
1,34.263
12,0.4
2,9.6646
6,0.1
201.65,2.9
17,2.9
1,1.4
9,1.6
4,2.5
5,0.3
37,0.2
23,0.7
1,0.1
256.4,2.8107
1,0.7
8,0.2
9.9387,0.4
1,1.2
245.91,15.482
48.416,2
2,0.9
172.98,2.5
21,1.2
1,0.1
39,0.6
1,0.9
7,0.1
8,0.85323
1,11.223
13,0.3
6,2.6
1,1.1
1,0.2
2,1.7
27.408,1.9
55,0.3
37.273,1.2
43,18.425
222,0.3
2,2.5281
1,12.666
1,0.1
257.83,0.6
172.82,2.6
19,11.654
306.83,0.2
16,0.5
7,1.2
4,0.4
23,5.5581
22.234,1.1
6,22.423
9,0.3
24,5.0279
5,0.6
1,0.5
6,1.2
39,0.5
220.62,1.7
1,0.5
147.2,0.2
41,6.6943
30,0.2
3,3.3
24,1.2
1,9.4371
266.07,4.0255
146.23,0.1
55,1.7
20,0.3
23,6.6
9.3536,0.4
49,0.2
19,0.1
80,0.5
1,0.2
21,0.9
245.28,1.3
1,1.2
1,0.3
20.831,1.5
2,0.1
32.221,7.4216
3,1.1
7.132,0.6
10,2.1
1,0.8
24,0.7
15,6.6622
195,20
3,1.2
1,1.4
13.872,2
12.2,0.1
39,0.1
21,3
292,9.8
24,1.6
14,1.4
19,1.2
251.57,1.4
1,0.1
4,0.2
6,0.5
27,0.2
40.332,5.4804
2,0.6
2,4.0237
253.84,0.5
252.27,5.5
1,0.4
254.94,0.5
44,6.6
17,0.7
3,0.1
29,11.53
1,0.2
31.136,22.824
212.43,0.2
13,5.4514
21,1.5
14.926,0.4
67.376,0.1
3,13.405
1,1.179
8,0.4
2,0.2
9,0.7
13,0.2
16,0.1
25,0.6
1,0.7
1,0.5
20,0.64177
67.406,0.2
2,0.2
8,9.1448
295.4,0.3
1,8.3418
26.356,8.9236
1,0.8
1,0.6
21,20.842
17,2.2
21,0.3
9,0.3
1,2
1,0.1
5,6.9276
25,0.6
1,1.6
15,0.7
50.707,0.57775
1,1
1,1.3
1,0.2
1,3.6345
3,0.4
2,0.3
182.73,2.8
6,0.8
19,0.1
11,0.2
26,33.997
230.67,3.3
1,0.9
16,2.6
31,0.2
4,0.1
28.874,0.2
19,2.6
152.1,0.4
8,0.2
3,0.4
217.2,0.2
4,0.2
318.4,0.9
253,0.3
33,0.2
1,2.9
43,6.9147
261.49,0.2
7,2.6
1,0.7
14,2.4
20,2.6
40,2.6
1,2.9
6,2.6
81,2.4
24,0.6
14.869,34.799
206.43,0.1
3,3
41,8.1675
7,0.3
219,0.1
2,13.5
14.581,0.7
70.122,0.2
23,0.5
2,2.7
16,0.6
6,1.2
304.97,0.9
26,3.3
1,2
9,2.6
32,15.042
1,1.2
3,15.79
9,38.499
72.96,0.4
54,1.2
15,0.1
38.966,0.2
19,2.6721
5,0.2
1,0.2
36.28,0.2
6,1.2
1,1
18.167,0.7
2,10.769
269.05,0.4
172.41,0.9
9.6921,0.5
1,0.8
43,0.1
12,3.9
43,12.874
1,0.3
21,0.8
5,0.1
139.29,3.3486
55,0.8
1,7.6882
2,3.4626
39,0.2
9,0.5
39,0.1
40.338,0.1
2,5.0433
62.145,0.4
359,0.25575
41.023,1.6
1,2.2
14,0.7
3,6.4
77.428,7.8708
34,0.2
32,0.5
225.38,0.9
15,7.6219
1,0.1
17,13.5
201.54,0.43577
244.05,0.5
21,1.1
55.539,0.5
13,0.9
1,0.5
33.383,0.2
24.979,0.7
3,0.3
9,3.3
54.911,14.798
5.4658,0.8
242.93,0.2
1,2
7,0.4
43,0.5
3,0.2
1,14.732
51.242,0.3
21,2.6
224.44,6.3689
1,0.2
17,0.1
1,9.8
49,9.8718
30,7.8405
6,0.2
1,7.3895
59.279,0.3
1,1.6
11,0.3
1,0.1
2,0.8
1,0.1
1,0.2
32.887,0.2
19,0.2
13,3.7311
47,2.6
2,12.472
40.057,2
24,0.1
1,0.2
226,2.9
7,0.1
1,4.2
8,0.5
6,6.2774
21,0.1
13,0.3
171.42,3
46.516,0.3
1,2.1
3,0.1
1,4
6,0.7
1,0.4
33,4.3
309.84,0.7
24.72,0.1
3.363,0.2
5,22.323
48,1.4
1,0.4
2,0.1
7,0.6
17,0.2
2,0.6
0.83847,0.6
41,0.2
1,0.5
1,0.4
13,0.2
1,1.1
243.7,0.2
12,0.2
1,0.3
219,0.1
3,5.0477
11,1.3
14,0.1
155,0.1
25,4
17.966,2
1,0.1
14,0.2
13,3.6
39,3
1,0.3
11,2.4
33,4.3
1,13.379
3,0.3
9,1.3
24,0.1
1,1
224.55,0.8
1,0.8
7,0.1
5,0.1
3,1.1378
18,16.03
34,2.9
2,19.268
7,0.3
173.62,0.5
1,5.092
189.56,0.1
1,1.1
33.829,1.8
13,0.9
1,1.6
155,0.3
1,0.2
3,5.2164
160.33,0.1
1,0.3
23,3
2,0.7
1,0.9
26,2.7
7,1.6
7,2.6
14,1.7774
11,0.6
15,0.2
10,0.4
1,0.2
43.848,2.1
1,2
2,0.1
2,6.276
139.83,1.6
11,19.284
5.7873,0.3
183.63,0.3
11,1.4
11,0.6
11,1
23,0.6
1.4781,0.4
16,2
13,2.2208
14,0.4
12,0.1
19,2
24,0.7
79.769,0.5
7,0.2
17,0.3
2,0.2
11.795,0.9
58,0.1
1,0.3
23,0.5
2,0.1
1,14.929
1,2
15,1.4
26,1
14,0.6
1,1.8
2,0.4
19.499,0.1
224.49,0.2
25,1.7
7,0.5
1,2.6
1,0.4
21,0.3
1,0.4
7,1
23,0.8
232.14,0.1
8,0.8
2,0.5
91.291,0.2
1,2.3
19,0.2
6,1.1
200,0.3
38,3.7556
12.044,7.4443
44,1.2
21,0.7
182.68,1.5
81,0.5
8,11.316
67,0.3
1,14.368
1,0.7
25,0.9
1,2.7
80.383,0.3
38,6.8844
23,0.6
8,0.1
232.44,1.2
11,0.4
39,1.3911
10,2.1
8,10.778
1,0.1
7,1.8
18.972,0.8
17,15.521
173.89,0.1
41.947,3.5
4,0.3
16,0.3
21,0.2
1,0.6
16,3.5161
11,0.1
1,3.5452
173.37,0.6
1,16.036
7,12.738
158.66,19.642
1,0.3
4,2.2
8,0.4
1,1.1
1,0.2
263,0.7
1,0.9
13,0.6
14,4.2
14,1.2
158.36,0.7
6,0.30107
191.73,0.7
8,0.1
33,0.3
296.28,0.3
8,0.1
17,0.4
1,0.8
257.65,0.2
184.34,16.996
1,0.46233
19,0.7
238.46,2.2662
140.64,1.7
38.601,0.4
8,0.9
26,20.856
1,0.2
17,0.2
19,8.2
6,0.3
11,0.1
7,3.2
-0.17822,6.3923
30.484,1
6,1
24,2.1
1,5.3839
1,5.9054
1,0.3
13,0.3
1,0.2
6,0.2
55,8.3433
1,0.3
1,1.8
1,4.084
2,0.4
14.247,6.8317
55,1.4
14,0.8
2,1.4
1,0.9
16,3
13,15.912
1,3.7262
1,0.7
10.686,0.4
23,3.4
1,0.1
230.13,0.2
2.6548,0.6
24,4
1,2.5
202.22,1.4
28,0.2
31.299,10.804
7.8025,0.9
2,1.5
2.9747,13.975
49.262,3.9
1,0.4
7,0.2
207.45,4.2
288.85,1.2
6,0.6
1,6.1103
1,0.1
18.001,4
3,0.3
43,0.2
1,0.6
24,4.4828
26,3.9
23,30.42
20,1.8169
80.38,0.1
1,0.2
1,7.1587
1,0.1
8,0.2
39,0.8
226,0.4
9,0.3
1,0.3
219,2
81.467,1.6
9,0.6
11,20.993
21,0.3
173.19,1.5
12,0.8
31.267,0.7
1,0.5
29.049,2
13,0.32591
1,0.2
13,0.2
17.904,0.1
9,0.2
3,0.3
11,1.5
14,0.7
122.29,0.4
1,5.3
6,0.1
40,1
12,7.8146
1,1.1
39.136,6.1
61.203,0.8
1,2.2
7,1
1,0.3
256.51,3.1927
4,0.8
21.117,0.9
12,11.5
296.46,0.6
2,0.2
34,0.5
21,0.1
1,2.1
1,2.4
1,0.1
8,0.1
270.13,2.1
67,0.9
14,0.3
20.99,0.9
8,0.6
1,0.4
37,1.6
27,0.1
1,0.5
9,20.689
1,0.1
249.21,0.51834
1,6.0085
3,0.8
1,0.1
16,22.414
15,0.5
2,0.6
1,1.4
22,0.9
2,0.6
1,17.061
1,0.4
237.81,0.2
7,0.2
14,1.4
0.20188,15.571
1,1.1
1,0.4
288.93,7.6909
6,0.4
1,0.8
21,0.1
44.457,5
1,1.2
95.886,2.2
12,0.3
29.916,1.0426
10,0.5
10,13.578
219,0.2
1,0.2
26,0.9
13,0.5
2,0.2
37,0.3
9,1.2
2,0.9
291.41,0.4
27,1
3,4.3209
26,0.5
20,1.6928
48.881,2.6
56.291,0.5
28,24.25
7,1.3
1,0.1
1,26.027
295.71,1.9
2,1.9
199.21,0.1
1,3.9206
232.42,0.4
1,0.2
24,0.4
2,0.5
1,0.4
174.06,0.9
3,3.3
2,0.5
12,1.2
15.841,1.1
1,0.3
1,3
309.03,0.6
17,0.2
48.669,0.4
6,3.5
33,9.3581
18,5.3
58.148,10.662
192.59,3.5
12,0.6
36.125,0.4
40,0.5
18.876,0.9
24,4.507
5.6858,0.2
1,1.1
19,0.3
48,0.2
8.99,0.2
1,2
1,6.4182
1,22.301
10,11.567
49,0.9
2,1.2
26,0.9
19,13.5
28,0.1
1,0.2
5,1.6
19,0.25531
8,0.1
10.051,0.7
2,0.4
193.87,0.8
37,0.5
4,0.54359
11,6.9334
39,0.6
1,0.3
16,0.2
2,0.8
1,0.6
13,4.1168
23.193,0.4
14,4.5
13,12.691
3,0.1
10,1.5
55,9.4063
138.12,0.1
1,0.2
20,2.2687
2,3.5
19,4
148.8,0.5
11,0.5
8,0.2
204,0.4
1,0.6
21.626,12.331
20,1
3,0.5
2.1114,14.503
1,4
17,14.079
192.87,0.6
41.099,0.2
4,0.9
2,0.5
2,0.1
10,2.7
9,0.9
47,0.2
11,0.5
13,3.5
1,0.2
20,1.2
14,0.1
2,0.6
1,0.5
33.344,0.1
1,0.12795
1,0.9
1,0.4
22,1.5
2,0.2
20,0.6
1,4
2,0.9
1,0.3
147.85,0.3
1,6.2637
1,0.2
12,0.1
1,2.0477
1,1
16.997,0.3
0.54744,0.1
23,8.3051
9,11.756
1,23.175
193.43,0.2
15,1.1
2,0.7
1,1
5,2.7
43,0.6
6,0.4
54,1
172.36,0.6
16,1
18,0.4
17,0.82107
167.93,6.4
51,0.3
49,2.2
9.8384,0.4
1,2.2
23,0.1
1,14.824
1,0.8
24,0.3
13,0.9
182.8,0.6
9,2.7
39,1.2
6,0.7
7,14.814
189.45,0.1
2,0.3
1,0.7
254.1,2.1
79.375,0.7
40,1
21,0.8
1,4.0611
9,6.8196
1,0.1
19,0.4
20.53,0.1
1,23.737
189.37,0.5
1,0.2
16,2.2
23,0.4
157.93,1.2
22,0.3
14,11.5
1,0.2
33.234,0.9
7,2.7
9,13.583
1.0066,0.3
41,2
177.36,0.1
26,9.3827
305.9,8.5206
1,0.5
30,6.1332
1,1.2
2,1.7
2,2
1,2
7,0.8
1,0.4
5,0.3
11.968,0.8
13,25.995
7,0.7
1,10.601
55.666,0.8
65.22,0.5
1,4.0663
236,1.2
6,0.2
359,0.1
13,0.6
42.038,0.34011
39,2.6
21,23.04
1,0.4
1,0.6
8,0.3
39,3.3
2,1
4,0.4
186.47,1.7
10,0.2
1,0.3
79.866,0.2
19,0.4
8,4.1
226,0.2
190.14,0.33608
238.53,2.6
4,37.306
12,0.2
1,1.7
19,0.2
2,0.3
3,11.673
1,0.2
1,0.1
1,0.2
3,3.4
60,0.2
20,0.2
33.923,0.8
1,0.1
35,1.2
13,0.2
55,8.7673
21,0.5
8,0.4
39,0.7
1.9247,2
32,0.1
8,1.8
34.661,2.4138
1,0.2
4,0.6
27,2
6,0.7
1,0.5
1,1.2
2,0.7
37,2.1
39.266,0.1
20,1
31.525,1
25,2.6
5,7.3324
43,0.3
2,2.9
13,0.2
7,0.1
13,0.6
247.15,0.2
11,3.6869
1,0.9
8,0.6
191.59,10.528
219,3
1,1.6872
40,7.7449
21,1.5
172.28,0.6
80,0.4
1,0.1
29,0.3
1,0.7
13,3.4
9,0.2
245.42,1.9
16,0.2
243.01,0.8
23,0.1
7,1.5
1,0.3
10,0.3
226.66,1
94.752,0.1
2,0.8
3,0.1
1,6.5482
7,13.5
245.67,0.1
15,5.5602
1,1.4
187.36,3
2,0.8
9,17.339
5,2.6
7,1.6
3,15.987
1,1.1
13,2
180.51,14.876
3,0.5
173.15,2.9
17,1.5
1,0.1
1,0.1
30,3
1,0.1
1.6827,0.2
1,0.1
11,0.57757
28,0.2
14,0.1
2,1.2
3,21.508
1,10.756
170.22,0.4
7,0.3
141,11.4
30,9.3136
236.56,38.747
45.246,1.7
4,1.1
1,4.7699
38,2.3368
204.76,0.3
1,2.3
189,0.3
162,0.3
3,0.8
10,0.8
16,0.8
2,0.8
8,1.8
17,0.3
10,0.9
10,6.1
48,0.7
6,1.1
37,0.1
2,1.1
41,0.5
39.611,0.8
10,14.805
133.24,0.1
7,11.5
230.17,3.0275
1,0.6
1,0.1
24,0.2
1,9.6591
252.59,1.4255
19.784,0.6
1,0.5
2,0.1
1,3.6428
1,0.9
1,1.7
1,23
16,9.8814
1,0.3
1,0.5
13,0.5
47.479,2.6
6,0.3
12.11,0.4
13,0.2
57.103,1.6
43,0.3
1,0.3
1.2782,0.2
9,20.016
1,2.2
8,0.6
219,0.1
3,0.2
1,2.3
1,0.1
14,1.3
249.52,16.025
25.965,5.1
189.59,0.9
7,0.2
1,0.7827
1,0.1
55,1.1
17,9.8927
1,1.1
29.844,0.9
15,2.2
7,11.514
60.09,0.2
268.08,16.227
297.75,0.9
41,0.3
11,1.2
3,2.9
10,1.1
9,0.2
191.65,3.4
1,0.1
1,6.1
1,1
11,0.1
1,0.3
1,1.7
1,0.3
10,1.6
31,0.2
34.778,0.2
11,6.3495
159.25,0.5
26,22.181
1,18.623
1,0.6
6,15.579
4,0.2
14,0.5
1,35.293
236.8,1.7
1,0.6
6,0.3
1,14.038
1,0.9
50.511,11.516
23,0.7
27,0.1
12,0.3
15,2.7
3.8696,0.7
8,1.3
228.31,1
204,2.2
13,1
30.179,2.7
8,15.088
219,1.1222
26,0.6
13,0.2
309.76,2.2
1,0.2
4,0.4
16,2.1
38,1.2
74.663,5.5632
4,0.5
31,3
1,0.2
224.65,1
1,0.5
2,0.4
27,2.1036
39,2.8037
1,1.2211
247.46,0.7
13,17.26
81,4
11,0.3
189,0.6
4,0.7
1,9.1821
80,15.744
9,1
55,0.5
1,6.8306
1,2.1
5,23
5,13.5
1,3.8
2,0.8
221.8,1.2
1,0.3
15,0.7
10,1
1,1.4
1,1
1,1
6,1
20,0.4
20,0.2
25,2.4
309.71,1.6
1,3.2
10,0.3
1,0.6
21,0.3
25,18
1,20.874
16,33.992
184.01,1.5
204,3.2
9,0.1
291.21,0.5
54,0.1
7,1.3
79.767,0.6
17,1.9844
1,0.5
7,0.1
44.659,37.914
4,11.95
10,1.2
236.93,0.6
1,0.6
1,1.1
19,20.216
57.666,1.4816
17,3.1285
1,11.591
245.9,0.2
19,1.6298
1,2.6
23,3
1,0.1
1,0.5
7,1
1,1.2
35.918,6.4
1,0.1
171.99,0.1
1,0.3
13,0.5
5,0.2
11,0.2
2,0.1
1,0.5
3,23.183
1,2.477
14,2.4019
13,3.4
1,3.8
60.338,1.6
8,0.2
1.0992,0.9
8,0.4
1,2.2
16,0.3
305.88,0.2
1,0.4
16.59,0.3
256.49,1
143.66,1.5
2,1.1
20,15.338
1,2.7196
28,0.1
8,1.3
13,0.2
1,0.9
3,0.3
12,0.7
13,0.9
14,0.1
3,0.2
10.26,0.7
43,0.5
12,2.2
47,4
1,4.2795
1,2.885
37,5.002
1,4
23,5.1
73.176,0.3
6,5.1112
1,0.1
4.5668,0.1
13,1
8,0.9
32,0.5
3,0.4
236.26,0.6
175.03,0.3
226,1.6
19,0.2
1,0.5
59.189,5
27.727,9.3081
1,27.812
7,0.5
18,0.1
9,0.1
19,0.5
2,0.2
1,8.2
1,1.2
1,0.3
4,0.1
8,1.6
58.495,2.3
19,0.4
27,1.2
28,55.711
37,0.1
3,0.4
307.54,0.5
249.6,0.5
182.16,0.6
8,2.0084
4,2.4
19,0.6
25,2
1,23.005
273.03,0.4
308.09,14.027
34,0.8
5.8966,0.7
26,0.3
39,3.0722
48,4.3519
13,0.7415
1,0.67966
2,1.5
13,2.2
20,3.7024
16,0.1
23,0.9
43,6.6
17,0.7
290.55,20.25
1,2.2834
59.749,2.1
8,0.5
7,2.9
8.1167,0.18342
21,0.2
12,0.1
1,1.3
21,0.3
9,2.6
2,0.5
243.16,2.7
1,4.1202
1,2.6
13,0.5
55,3.53
1,0.7
1,0.9
1,0.2
1,10.54
7,0.8
13,0.4
1,3.4
40,0.1
11,0.2
6,1.5
19,1
8,6.3403
25,0.3
1,0.2
1,2.2
140.05,0.4
14,2
2,0.3
14,1.3
242.39,1.5
2,0.9
1,0.4
8,0.5
1,0.1
13,1.8
17,2
6,0.6
55,0.9
30,0.8
14,0.1
2,0.4173
1,0.5
1,11.394
3,0.4
7,0.4
15,0.5
285.78,0.3
2,4.7334
354.35,5.5819
17,1.1
10.535,4.4483
254.42,1
228.92,0.8
8.8551,1.5
4,3.3
11,3.5
15,0.7
244.01,2
247.78,0.4
274.67,0.1
8,0.1
48.462,11.411
12,0.2
15.894,0.32123
9,6.1
10,0.6
1,2.7918
7,0.4
8,0.2
1,0.4
6,0.3
5.2408,0.2
190.09,0.4
21,0.6
1,2.13
-0.69686,0.4
205.81,18
189,0.8
1,0.6
9,0.5
9,0.2
18.035,0.6
1,4.3069
46.882,13.492
15,1.2
17,2.1
1,0.3
8,12.703
4,0.4
25.391,0.84165
220.34,0.9
10,0.4
13,0.8
1,0.1
249.78,0.7
14,0.2
306.66,19.405
7,0.7
1,0.6
8,1.2
32.913,0.1
1,0.4
51.873,0.1
2,2
3,2.1
1,0.4
15,1.6
2,1.2
71.313,8
204,0.1
25,0.7
16,16.03
16,2.6
13.844,0.9
9,0.7
9,9.9251
28,0.44503
1,0.5
1,0.6
1,0.1
81,0.3
2,0.2
1,0.3
51.741,0.4
1,2.3
23,0.4
247.61,0.3
1,0.3
13,1.4
20,0.5
30,2.2
16,0.6
157.15,11.151
191.53,21.692
19,0.2
162.87,0.7
24,2.3
1,0.7
1,0.2
9,2.5203
1,5.1
1,5.1
24,1.3
17,4.0049
11,0.5
29.566,2
3,0.2
5,0.5
23,2.7647
1,0.4
9,1.4254
7,28.604
26,1.2
9,0.1
6.2733,2.1724
19,0.2
1,0.2
6,0.1
9,1.2
39,14.821
4,0.2
247.4,0.4
6,0.85806
1,0.3
9,0.3
18,0.9
1,0.1
1,2.6
66.574,0.9
7,0.6
1,1.2
17,5.5
19,0.1
145.18,3.3
20,0.4
11,1.1
1,3.2676
1,0.2
1,3.6
175.89,2
24,0.8
13,0.1
17,6.4
1,0.9
140.3,0.3
14,0.1
12,13.567
1,0.2
200.85,0.3
1,0.6
1,5.1
17,0.2
1,0.9
1,2.5
1,4.8148
56.814,0.43862
43,1.0182
37.388,0.2
10,0.5
24,1.4
2,10.744
24.652,1.4
73.9,45.979
19,0.1
8,0.1
9.2098,0.1
1,0.3
1,0.3
1,0.5
23,0.9
35.719,10.719
1,0.2
1,6.6488
14,1.7931
16,9.3845
193.95,1.2
1,15.582
2,0.6
170.96,0.9
294.44,0.3
21,2.4711
8,0.7
55,0.9
6,0.8
2,2.7
1,1.1
308.78,0.6
4,2.7088
18,0.3
4,0.3
17,2.4
13,0.5
9,0.8
1,0.6
56.875,1
8,11.5
1,16.02
15,1.6
1,3.2
1,0.1
13,1.965
39,0.3
31.077,0.6
157.05,5
1,0.4
7,1
1,0.6
1.5733,13.5
6,0.5
2,0.3
15,0.4
13,2.2
4,0.7
2,2.4
8.3369,0.1
1,4.4834
9,0.4
19,0.1
1,2.7
239.39,0.5
8,0.1
90.253,0.2
27,6.9041
309.59,1.7
92.932,0.3
2,1.3
3,2.6
37,14.374
23,0.5
1,3.4
3,0.3
1,1.2
1,7.7719
2,10.65
232.12,1.3
1,1.4
45,3.6
41.165,13.5
3,3.3
6,6.8471
8,0.5
47.455,8.309
21,2
1,5
49.158,1.7
69.62,1.5
1,0.6
1,1.4239
24,0.2
1,0.2
6,0.6
2,0.3
10,2.2053
226,0.3
11,0.1
24.462,0.5
39,0.4
1,0.3
4,0.3
198.77,0.9
28,1.7
69.012,0.3
1,0.2
4,1
1,0.2
9,0.3
1,0.1
1,1.4
41,0.1
10,0.9
236.41,0.9
161.7,0.2
4,0.4
10,0.2
167.95,11.712
1,4.2
24,1.5
4,2
27,1.5
6,0.1
29.193,0.2
1,0.5
21,0.3
9,5.6692
13,0.3
47.866,0.3
267.74,1.1
11,1.9
18,0.1
7,14.247
8,3.8927
4,0.2
21,0.2
21,0.7
12,0.1
9,8.1546
9.2413,0.3
10.846,1.9546
236,4.1
308.8,3
2,4
38,1.8443
193.89,1.4
1,1.8
308.08,0.5
39,0.7
13,0.5
21,0.2
1,0.2
1,1.1
43,0.9
13,0.6
62.392,0.1
1,0.1
1,0.2
1,4
1,0.1
15,0.3
51,0.7
1,23.797
1,1.7176
13,0.7
13,0.1
303.35,1.4
309.06,0.2
2,0.1
3,2.9
3,0.3
19,1.9228
2,2.9216
11,2.7
6,9.1705
1,8.2417
7,1.2
18,0.7
21,4.4095
1,11.096
39,9.2438
2,0.6
11,4.3039
1,0.6
10,0.1
249.07,0.6
2,1.2
9,0.26728
21,2.6
8,0.6
4,0.82881
52.745,1.4
13,3.6
243.82,0.2
254.99,35.835
1,0.6
20,1
54,1.2
43,0.6
10,0.4
2,1.4
1,2.2
1,0.4
35,0.2
5,0.4
1,0.6
9,2.1
2,0.2
12,0.6
157.06,2.2
9,2.0472
47.698,0.1
1,0.1
1,1.2
21,0.4
55,0.2
4,0.2
40,1.4
2,0.4
6,0.2
225.93,0.6
10.247,2.6
1,10.753
249.76,11.4
43,0.8
19,0.5
1,0.2
40,0.1
37,6.5097
7,1
1,1.3
2,14.084
6,0.5
5,0.2
2,3.4
2,0.3
1,0.1
1,3.3
1,2.2
1,1.2
205.63,0.6
17,2.5
21,3
35.172,0.2
22,0.9
15,0.2
11,0.1
2,11.5
20.317,0.2
6,18.701
1,0.9
1,11.964
245,3
18,1.8
38,0.4
9,0.5
8,0.5
124.42,0.6
21,0.2
1,0.2
23,0.5
359,0.8
1,1.4
20.051,5.7402
8,0.3
5,4.6355
325.43,1.7
11,1.4
39.239,0.7
6,14.905
38.27,0.9
1,3.2
3,0.2
18,6.8253
1.9576,3.8
11,0.6
17,4.2868
1,5.1
2,0.3
24.582,1.4
10.035,21.167
13,0.6
222.75,1.8
19,3
132.55,1.2
90.955,0.8
12,4.8963
1,0.5
2,0.7
157.67,0.77548
6,0.9
4,1.3
58,3.5
13,0.1
1,0.6
321.08,0.4
1,1.2
4,0.4
1,0.4
236.24,0.5
183.72,2
202.02,1.5
7,0.2
2,2.2
80,1.1111
1,23.54
9,3.6
6,3.8
6.7009,0.7
1,10.405
2,0.4
232.95,12.616
6,14.769
0.64575,0.4
263,15.55
1,8.2187
3,0.3
1,2.7
15,0.7
6,0.4
19,0.1
25,0.9
82.403,6.1
1,0.3
1,0.6
297.24,1.4
209.41,0.1
6,0.3
32,0.2
1,0.7
69,0.2
29,1.4
23,12.184
17,6.452
21,0.6
13,23.134
15,0.3
158.71,0.2
1,1.2
3,0.1
28.56,14.517
8,1
30.181,0.9
1,0.7
309.86,9.1801
14,0.2
29,1.2
12,0.4
15,2.8
1,0.1
184.64,20.649
21,0.8
1,0.1
21.799,2.6132
39.721,1
1,6.8942
12.752,0.4
18,9.8
29,0.4
15,20.702
1,0.1
4,0.2
13,1.6455
6,6.1779
24,0.3
232.08,1.1
307.16,34.405
33,0.3
14,0.4
1,0.4
223.67,0.1
21,3.1137
54,0.2
254.04,4.3
1,2.9
185.91,1.6
50.775,2.9
3,0.2
12,0.3
22.416,0.4
2,1
25.656,0.6
1,0.1
1,2.1
13,0.6
23,1.3
24,0.5
1,1
4,2.9
44,0.6
17.238,0.4
1,0.3
195.97,0.8
1,1.4
4,0.9
-0.76839,0.4
227.58,0.5
11,4
261.04,14.374
13,0.2
21,0.7
3,9.3796
59.141,5.1
1,2.9
24,0.1
8,9.4148
3,0.4
1,0.2
32.529,1.6527
7,3.5
31,2.2
80,5.4348
17,0.2
12,0.1
20,2.3
2,3
1,0.4
188.37,1.2
1,0.2
1,1.7
55,0.7
23,17.989
190.04,0.7
19.652,0.3
13,3.6
66.445,1.4
6,0.1
23.696,2.6924
21,0.3
1,1.2
249.68,0.6
11,0.2
2,2.1
11,4
67,0.2
43,0.3
4,1.7
204,2.1619
20,0.4
12,0.4
1,0.5
19,0.8
1,0.4
54.498,1.2
14,7.9411
33,7.4516
27,0.4
1,0.3
21,7.5322
14,1.1
1,0.6
2,0.51959
13,8.6296
2,0.3
10,0.4
11,1.6
21,0.9
6,6.0084
8,0.9
8,1.4983
35,0.7
239.11,4
26,0.5
34,0.7
39,0.1
1,1.3
58,0.4
24,0.8
306.47,0.5
80,1.7
70.48,0.1
236.03,6.3762
5,1.2
5,4.3
81,2
11,0.3
44.174,0.1
54.386,0.6
17,0.5
85.728,0.1
1,0.2
60,2.7
1,0.4
8,2
300.03,0.2
21,0.6
1,7.4247
263,0.5
14,23.462
9,0.8
23,0.8
12,4.3
33,2.2564
27,10.689
20,1
1,2.9
16,2.9969
3,2.6855
3,1.4
9,4.3
1,0.4
1,0.8
257.15,0.5
80,0.9
54,8.5286
157.25,1
6,0.6
27,18
275.1,0.1
1,0.3
9,0.2
3,0.9
18,3.3
9,0.5
80,0.4
6,0.3
26.466,14.929
10,8
2,15.451
23,2.6
4,0.8
67,0.1
29,0.4
16,0.2
23,23
60,7.1273
1,4.8732
1,4.6
155,0.4
1,9.0591
6,0.4
1,2.6
24,1.2
191.08,2
3,0.3
15,0.6
7,7.3117
9,0.1
81.697,0.4
69.57,0.1
192.59,0.9
6,0.6
58.055,0.4
1,0.1
1,0.8
68.602,0.2
65.757,0.3
20,0.1
20,12.124
5,0.5
1,5.3
4,0.1
239.9,0.4
43.557,0.1
10,3.2705
255.28,1
1,0.5
1,0.1
1,0.9
17,8.2
2.3455,1.2
14,0.1
19,0.1
13,0.4
66.625,8.8768
14,0.2
290.62,0.6
34,0.8
28,2
189.26,0.3
69.796,4.297
1,0.6
21,1.2
1,0.2
1,0.7
201.09,1.2
18,0.9
25,4.6377
243.25,2.9
43,9.3727
23,0.9
5,0.9
39,0.5
13,1.9
2,0.4
1,0.5
23.76,0.9
190.3,1.4
1,0.81331
28,0.9
9,2.2
2,0.9
38.26,10.147
14,0.2
23,8.067
29,8.2591
4,1.4
1,7.6658
1,2.2
39,17.596
12,0.6
39,3.4
179.49,0.5
42.526,3.6
1,3.2578
243.6,0.1
1,0.3
1,17.09
157.66,1.7
20,0.3
4,0.2
21,2.5
19,1.6
1,0.5
26.792,0.3
23,1
1,1.0384
1,0.5
1,0.1
80,1.5
2,2
198.92,0.2
3,1
40,20
1,0.5
48,0.2
253,0.3
2,0.618
234.01,0.3
1,0.3
30,3.4
1,4
21,1.3
12.35,0.2
40,0.9
7,0.2
240.55,0.9
9,2.5
24,0.5
1,4.1
12,1.6
19,1.9309
3,20.501
11,0.1
60.885,0.5
7.0335,0.2
10,0.5
40.904,0.1
1,0.3
12,1.2
19,1.4
19,11.503
13,1.2
137.5,0.4
6,0.1
6,2.5723
1,0.2
224.31,5.4574
189,0.1
9,1.1
2,0.1
12,2.2
79.53,0.4
8,16.747
26.111,4.5
8,0.1
20,1.2
6,0.6
1,0.3
12,0.8
7,0.4
26,1.2
54,0.8
12,8.2
1,0.4
1,2
72.898,13.597
19,0.4
20,0.4
21,1.9
1,12.217
8,0.2
5.1173,6.5996
2,2.1
1,11.125
79.89,0.6
4.4032,0.2
1,0.2
1,0.9
8.8622,2
7,0.5
299.29,5.3678
1,0.5
54,0.2
4,9.8
12,17.787
3.8101,0.2
1,23.521
28.844,0.2
1,1.6
1,1
192,0.1
12,6.6
1,0.2
87.808,0.5
7,0.4
3,0.2
6,10.087
3,0.5
39,2.9
30,0.1
9,0.2
41,0.2
12,13.058
1,0.3
79.288,1.2449
2,4.2763
2,1.2
-0.077343,0.6
24,10.741
8,5.5225
45,3.3
1,0.8
1,12.853
14,0.9
5,0.1
31,0.4
158.84,10.787
1,0.3
9,0.4
32,1.3
1,0.5
1,0.8
43,1
40,0.2
16,2.9
34.769,2
13,6.3649
23,3.9
13,0.7
1,0.2
30,1.4
27.027,8.1578
36.766,2.9
45.231,7.9248
94.651,18
1,0.3
1,18
1,0.2
30,9.3552
45.599,0.4
1,7.0237
49.325,0.1
1,4
9,0.4
6,1.4
8,0.8
1,8.0986
11,5.1
9,0.1
27,2.9468
8,0.8
23,0.2
13,2.4765
1,0.1
10,15.738
240.22,1.2
22,1.2223
55,0.1
43.434,0.6
31,3.1772
45,5.0132
23,0.5
1,3.3
1,7.6651
39,5.5386
6,2
26,0.6
40,0.3
8,2.8
1,0.33103
60,0.1
270.06,0.5
9,7.0211
47.528,10.685
8,0.8
10,1.3
1,0.5
2.7469,1.4
2,1.2
7,0.1
1,0.1
1,1.2
1,0.3
1,0.7
2,4.1
1,4.4898
26.949,0.8
1,0.4
16,0.8
55,0.1
2,0.1
7,0.6
26,3.6
40,0.4
2,0.7
19,0.4
17,21.327
69,0.4
29,3.7563
8,0.1
55.221,7.7162
7.2805,0.3
43,0.3
1,2
4,1.1826
21,0.3
38.249,9.8
22,0.2
3,0.5
11,4.3361
20,0.5
9,0.8
19,1.4
3,0.6
9,2.6
7,8.7437
155.26,22.086
87.41,5.4718
1,8.6158
1,0.1
21,4
1,0.3
7,9.7837
23,0.7
12,1.2
13,0.2
33,0.6
55,1.9848
170.8,9.3901
11,0.2
66.843,9.0246
1,1.4
2,0.6
24,0.2
304.37,11.672
1,2.3
1,2.3
1,4.5
23,2.1
17,0.1
1,0.3
1,0.1
94.214,0.1
3,3.4901
244.12,0.1
26,1.5
37,2.6
11,2.4
258.59,0.1
1,10.034
307.27,0.1
33.53,0.8
10,7.8737
19,1.4
40,0.5
20,0.7
1,4.6911
9,0.1
3,0.2
1,7.3935
4,1.7
217.72,0.3
2,3.4
15,2.5
174.96,1
1,0.1
1,0.1
23,0.9
1,0.2
23,5
80,2.4
1,14.202
1,1
25.797,7.4938
9,6.2635
309.04,1.1
7,0.7
54,0.6
9,19.502
1,0.9
3,0.89542
10,4.6682
8,1.4
1,23.336
48,0.2
43.726,0.1
7,1.5
1,0.3
1,0.6
9,9.9319
232.49,0.4
32,2.9
301.01,0.6
1,0.2
13,0.2
10,0.4
226,0.4
20,11.773
169.49,0.9
6,22.936
299.11,0.3
17,11.4
1,0.4
1,2.2
306.71,2
2,0.2
47,1.5
2,0.2
43.772,0.5
18.323,0.4
3,0.3
1,34.878
19,9.7846
263,2.9
20,1.6
43,25.999
21,0.12382
19,0.2
16,3
1,0.5
14,0.1
1,0.6
12,0.1
19,4.9955
265.55,0.4
1,1.2
14,0.4
1,0.4
1,1.1
37.556,0.3
28,1.7928
25.416,1.3
2,3.3061
11,0.1
7,0.2
58,1.3
28,1.1
5,0.5
19,2.8
3,1.2
20,0.3
5,34.454
1,0.5
13,1.4
20,2.5
6,1.5
17,1.6
8,1.2
1,0.5
6,0.1
191.29,6.3114
1,1.9
301.97,13.5
1,0.2
7,0.2
7,0.5
1,30.275
2,0.3
12,0.6
1,2.9838
45.525,0.7
9.4416,1.8
20,20.112
1,0.2
78.085,4.8491
49,0.1
1,0.5
1,2
1,0.1
259.35,6.7038
29,0.8
2,2.2785
7,2
17,0.1
16,0.1
2,0.4
3,12.728
44.08,11.752
206.64,1.5
1,1.1
2,1.7
1,9.5033
9,0.1
3,0.6
7,0.2
3,1.4
1,8.3543
1,2
15,0.7
7,0.5
2,0.5
6,0.3
20,0.2
1,0.3
1,0.6
3,14.666
23,0.3
43.57,0.9
3,0.2
1,0.6
48,5.1
10,0.1
34,0.2
80.795,11.4
17,0.4
41,19.234
49,0.8
41.209,9.8
22.055,6.6091
13,0.62564
10,2.7
3,0.7
11,0.3
8,6.9979
14,0.5
2,8.903
1,0.84443
244.18,0.1
1,0.5
330.62,1.7
204,0.6
13,0.3
55.529,0.9
17,5.5
8,0.7
1,0.6
3,1.7
1,0.8
32,1.1
232.7,0.1
249.85,11.925
45.917,0.9
1,2.8088
6,0.2
2,2.5686
1,0.3
22,0.8
1,0.2
1,2.9542
1,0.31184
1,0.6
23,0.3
60.491,0.3
1,0.1
241.28,0.1
1,0.2
0.64951,0.6
24,0.2
8,0.8
29.065,0.5
5,0.3
8,0.3
17,4.5
1,0.1
22,25.548
161.93,0.2
253,21.822
308.85,1.1
1,11.593
300.04,0.2
40,0.9
17,1.2
11,0.1
24,1.5
1,8.2
21,1.1
306.64,1
4,6.7716
1,2.5
29,0.2
3,10.826
10,0.2
245.12,10.859
0.20797,0.8
13,0.3
155,23.446
169.03,0.3
1,0.3
10,2.1
1,1.014
19,0.9
86.428,1.7
35.502,0.4
1,0.8
1,0.8
3,0.3
55,1.6
23,0.5
204,2.1
3,0.7
1,14.308
26,0.6
3,2.7483
8,1.4
4,7.7276
13,4.5499
12,0.4
28,1.1
3,34.934
21,3
14,0.1
10,1
2,9.8
29.582,0.6
46.503,0.1
2,10.066
12,0.8
-0.90832,14.044
6,0.2
3,0.14181
8,0.3
9,0.6
5,0.1
2,0.2
67,0.2
43,23
189,1.4
2,0.5
8,4.6
190.85,6.1
1,5
9.261,0.4
8,1.3
257.37,0.9
26,2.6
177.72,0.3
17,4.0573
33,0.8
5,4.4354
27,0.1
1,0.2
232.95,0.8
27,0.1
7,1
33,0.4
1,1
1,3.4
1,0.9
9,0.5
1,0.5
40,1
14,0.66066
1,0.13317
26.198,0.5
1,0.1
1,4.3
11,1.5
6,0.9
5,34.488
15,6.8673
1,0.2
25.111,0.1
2,1.5
236.58,0.3
26,9.8
1,1.1
6,4.5609
1,0.9
2,3.4
3,0.2
3,1.6
1,0.1
225.95,1.6
38,0.9
23,0.5
13,0.7
39,0.6
12,0.1065
1,0.5
10.431,0.14165
1,0.1
1,7.0122
13,0.1
-0.59057,1.4
8,0.9
1,1.4
19,8
24.592,4.5
54,0.2
7,0.7
1,0.5
12,34.752
10,23
18,0.7
137.4,5.1
27,11.5
249.1,0.7
13,0.2
257.34,2.8
225.18,2.6
4,4.2
31.129,2.5
17.829,0.3
30,2.2815
13,1.1
30.461,0.6
1,9.7301
18,0.3
1,11.391
2,1.2
32,0.9
1,0.6
3,1.777
1,0.3
21,0.5
12,1.4
13,2.9
16.935,0.7
23,0.6
4,0.3
69.175,0.4
1,1.2
45,4.2191
17,0.8
279.93,0.5
3,2.6
14,0.9
1,0.8
3,0.8
1,0.3
1,3.0983
19,0.2
31.943,3.4
11.03,0.9
1,1.7284
48.382,0.7
5,0.2
1,0.6
5,0.2
1,9.1993
1,14.267
12,0.2
40,0.5
2,1.2
1,0.3
1,3.5
1,0.6
19,8.1822
1,0.2
40.569,1.5
3,1
17,2.6
1,4.3
16,13.572
267.47,0.3
1,2.5
1,0.4
20,0.2
3.7217,0.7
1,2.5
3,6.6
4,0.1
27,1.2
1,0.5
11,3.3412
1,0.5
9,0.1
26,15.76
27.788,9.0064
2,11.932
13,3.2312
263,3.3
6,0.6
49.984,0.3
1,0.2
332.85,0.4
30,2.7916
236,0.1
267.57,0.2
6,0.3
3,0.1
33,0.7
11,1
58,0.3
3,0.8
1,1
1,2.6
17,2.2
23,1.5
305.05,0.7
42.353,1
3,0.3
6,0.1
4,0.2
1,0.5
4,0.7
1,0.4
13,0.2
1,2.6
1,0.5
15,16.578
1,11.857
14,6.4231
60.087,0.2
24,0.4
283.21,0.9
6,15.448
8.2798,2.8959
37,0.98593
8,1.6848
2,0.6
1,1.1
10,6.6087
1,0.9
224.19,0.8
14,0.8
10,3.2834
1,0.8
30,0.6
21,4.5
13,0.6
33,6.6
2,2.6
187.59,2.6
3,0.96269
80,0.9
49,0.2
12,15.93
4,6.9534
9,1
79.421,10.478
4,2.5
1,0.7
23,0.1
61.313,0.5
13,0.2
1,0.5
1,2
2,0.5
1,0.2
2,1.1
1,2.8131
2,1
7,0.1
38,13.573
14,0.1
10,0.8
1,2.8223
3,0.3
1,0.7
39.128,10.829
4,0.1
10,0.6
24,0.4
1,3
1,19.449
26,7.0624
1,0.2
12,1
13,1.7
8,0.2
1,0.7
13,0.3
1,1.5271
234.06,0.2
140.98,2.6
1,0.2
1,0.2
23,8.8504
20,0.9
13,1.1
2,0.8
0.65097,2.6
15.332,0.7
19,5.1
15,0.5
14,0.1
20,11.4
11,0.9
1,11.45
13,0.5
2,1.8753
226,0.1
1,1.9263
1,8.6343
39.238,0.3
1,0.6
4,0.5
19,0.1
1,0.2
26,0.4
10,0.2
41,8.7193
1,0.2
20,2.6
1,0.1
40,0.1
5,0.4
26,0.3
1,0.6
175.05,1
6,0.9
155.28,0.4
2,11.635
1,0.7
8,0.6
17,2.5
1,0.5
1,0.5
21,1.1
37,12.799
20,1.7
19,1.5
10,1.864
38,0.8
1,0.9
1,0.4
1,0.2
1,0.6
14,0.8
28,11.94
1,0.2
140.78,0.2
258.97,0.2
29,3.6429
1,1
21,0.6
48,0.5
35.561,2.6
197.69,0.3
234.73,0.1
1,0.2
23,3.8723
191.09,0.2
1,2.2
8,1.6871
39,0.5
18.753,2.9
55,2.249
160.11,0.1
4,3.4
16,0.1
1,0.6
30.397,4.2648
50.032,19.384
77.622,1.7
194.08,0.8
3,2.6
1,0.4
2,2.6
34.89,0.4
12,0.5
24,0.4
2,0.3
1,3
200.38,0.3
1,1.5039
23,6.6936
13,2.728
243.61,6.1
7,0.6
55,0.4
1,0.1
3,6.9756
2,8
3,4.3
1,0.8
13,11.494
20,0.1
249.53,0.1
1,0.9
197.64,7.9352
206.9,0.2
326.51,0.3
11,14.96
11,0.4
80.633,1.5
24,1.5
1,0.8
29,1.3036
45,12.196
22.954,1.7
2,0.1
59.783,0.8
3,0.4
60,1.2
308.23,0.6
8,1.3
253,0.3
79.321,23
8,0.4
195.67,8.6751
1,16.142
27,1.1
6,10.3
1,0.2
3,0.2
25.157,3
6,0.1
1,0.1
1,0.1
23,1.2
1,2.5
22.45,1.1
9,0.8
6,0.5
1,0.9
10,0.4
4,1.2
1,0.2
11.72,3.6
1,9.2765
48,0.1
12,0.8
1,2.2
20,11.621
1,0.2
10,0.2
5,0.6
1,0.1
13,0.5
1,0.5
1,8.0077
2,0.4
59.248,0.5
2,1.2
26,0.8
30,0.9
3.8183,0.5
28.215,0.1
9,8.7994
41.149,0.2
23,0.3
11,0.51124
2,2
244.45,0.8
8.1922,0.3
7.7345,0.2
3,0.5
6,0.4
12,1.3
1,6.7803
1,0.2
8,1
3,16.946
14,0.1
1,2
10,1.2
1,0.2
10,11.5
14,0.2
6,2.7
19,3.4
7,0.2
20,2.8
19,0.72498
155,0.2
250.13,0.2
8,0.6
256.39,0.1
12,0.1
15,56.214
35.605,0.4
1,0.6
1,0.4
8,0.2
3,0.7
1,24.226
1,1.2
2,3.884
19.148,0.4
1,0.2
30,1
2,0.1
21,0.1
3.1153,0.4
2,1.4
1,2
13,1.4
11,6.4
3,0.3
1,0.3
7,0.8
39,2.6
13,0.2
17.483,2
8,1.1
24.374,0.3
8.5766,0.4
40,4
1,0.6
44,0.4
6,0.9
13,1.2
1,0.3
37.303,2.1
27,11.696
55,6.4
7,5.096
18,0.26911
9,0.3
3,0.1
1,0.6
43.24,2.7
1,4
1,11.436
19,0.9
35.988,0.1
225.77,0.4
138.88,0.1
15,0.1
19,0.5
2,0.1
9.3207,0.2
4,1
45,2.2717
5,1.4
3,0.3
16,0.9
1,13.518
43,4.2202
1,0.8
1,1.9
1,0.7
21,0.8
1,8.2
1,2
1,0.9
11,0.1
1,0.5
23,0.6
175,0.4
4,0.6
80,0.3
70.42,0.2
1,0.6
10.226,8.9791
1,3.2
10,0.6
10.031,0.3
1,0.1
1,6.3168
257.66,1.5
17.648,11.654
1,2.9
39,2
16,0.2
4,2.6
1,0.2
23,0.4
2,0.1
26,0.5
219,3.6
1,3
37,2.4
13,1.6
4,8.2601
54.486,0.2
16.952,0.6
1,2.2
36.276,0.6
2,2.2
9,0.2
4,15.44
1,14.871
1,1.5
1,0.5
1,0.4
6,1.7
-0.28402,11.314
31,0.5
8,0.6961
1,1
21,2
29.033,0.4
1,0.5
1,0.4
307.15,3
1,0.4
1,3.2
13,2.7
1,0.1
4,0.2
11,0.4
6,4.5
14.814,0.3
6,0.1
7,2.6
1,0.3
59.787,6.1713
1,58.889
17,0.7
1,0.3
6,0.1
215.64,0.7
40,0.5
4,0.4
1,1.2
1,1.5238
1,0.1
36.721,2
1,0.6
6,1.4
229.37,0.4
48,0.5
13,1.5
20,0.9
1,1.1
24,2.4156
3,0.5
7,2
1,18
2,0.4
29,0.1
27,0.7
23,0.5
4,0.8
11,4.6876
2,0.2
15.167,0.4
1,0.1
14,1.6
2,1.9588
1,0.5
1,10.797
51,0.6
6,0.4
11,1.2
80,0.2
257.57,4
43,1.9555
13,0.6
54,0.7
19,0.1
14,0.7
11,4.8747
8,0.4
309.98,8.9363
39,0.6
26,0.6
3,1.8
3,0.4
15,11.4
1,0.5
33,0.1
1,0.1
1,0.2
5,1.7
59.938,0.2
8,15.59
29,0.1
1,0.3
23,0.2
179.67,20
41.225,0.4
18,6.4
14,3
6,0.1
32,0.9
6,1.3
1,0.9
6,9.8
29,0.1
55,0.2
3,0.2
21,1.6
237.59,1.4
16,0.2
1,1.1
3,0.4
8,0.3
6,6.4
250.24,0.3
55,0.1
4,1.7
6,2.9
1,0.5
17,0.4
10,0.7
1,14.301
1,10.628
7,0.2
1,0.5
23,0.7
18,2.1
11,0.1
15.533,0.1
23.136,0.1
1,0.2
1,3.3
1,0.1
22,0.5
8,0.4
1,0.4
24,0.4
19.619,11.076
38,2.1
159.02,0.4
21,0.2
7,0.3
6,1.7
1,1
6,3
6,0.5
6,0.3
32,1.5
7,0.6145
1,6.9427
1,0.9
27,1
13,0.2
32,3.6021
13,8.7253
19,4.6
39,3.5134
1,0.2
17,0.6
21,2.6
17,3
9,0.1
10,5.5452
1,0.2
8,0.5
3,3.9446
40,0.2
1,3.6
2,1.5
2,0.2
43,1.1
1,1.2115
76.468,17.481
3,0.7
19,1.6
43.53,0.3
7,1.3
24.635,0.2
21,14.639
17,16.451
8.7584,0.3
265.01,0.2
20,0.9
0.67578,0.7
1,0.1
1,0.6
173.45,12.618
26,0.5
5,1.1
2,7.9728
39.741,0.9
4,0.6
29,1.2
20,0.2
13,0.1
2,0.8
10,1.4
309.66,5.3
290.61,1.3
22,0.93611
184.68,2.4
251.55,0.1
67,0.1
1,0.2
39.476,0.8
256.87,0.2
1,1.7
1,7.218
1,0.2
6,0.1
25,0.7
94.627,0.3
59.002,2.2
3,0.4
24,2.3
45,0.4
18,8.7177
3,0.2
24,2
22,0.1
2,24.256
3,1
43.634,0.1
6,2.6448
6,0.1
1,11.439
3,8.8593
24,0.5
7,0.4
16,9.7294
39,0.1
342.61,3.8
1,0.6
43,0.3
23.696,0.1
56.185,0.2
305.86,0.2
20,0.6
242.33,0.1
8,0.3
31,5.1
290.37,23
1,0.7
1,20.011
38,1.3
27,2
1,6.5367
1,0.2
15,0.3
1,5.1
11,0.5
2,2.4
1,4.5
172.71,0.4
15,0.4
1,0.6
21,4.3081
1,0.1
359,0.9
17,2.7
13,0.6
160.6,0.4
1,8.4082
13,14.59
14,3.7573
4,0.7
4,0.9
34,7.0461
1,0.2
7,2.2
193.43,0.5
13,2.9
1,1.5
13,4.0159
109.32,3.4
7.335,0.7
6,0.9
1,0.1
146.13,0.1
1,0.7
39,0.2
60,1.9
13,0.1
7,2
11,0.3
6,1.4
249.71,1.3
2,0.6
12,12.115
9,0.1
1,2.3158
13,1
1,0.3
19,0.3
32,0.80606
1,2.1
1,0.1
1,19.801
1,0.7
1,1.5
14,0.5
22,0.1
1,6.1
247.99,0.1
1,0.3
17.511,1.1
1,0.4
6,0.4
11,0.5
1,4.3114
1,0.5
1,0.1
4,0.2
1,0.4
4,0.5
3,0.3
40,11.5
243.35,15.507
6,6.4507
67,1.7
1,0.1
1,0.4
20,0.1
1,63.368
21,2.5
20,0.6
20,0.6
14,4.7955
1,0.3
40,0.3
1,6.7869
1,0.2
15,0.4
2,0.51536
3,0.2
3,0.2
5,1.0715
1,0.1
3.7366,0.2
1,1.1
6,2.1
17,0.8
19,0.1
1,0.5
1,1.4
52.924,6.3322
34.567,1.1
3,0.9
1,0.6
1,1.5
21,3
9,0.2
39,1
29.341,0.4
2,2.9
67,6.4
6,1.1
14.474,0.4
2,0.6
2.5199,0.8
8,0.2
55,1.4
22,0.6
1,3.6
307.82,1.3
37.929,1.6
3,9.8
2,2.2
200,2.3
15,0.4
1,0.2
183.38,0.1
21,1.2
10,1
12,0.56808
41,14.559
27,1.4
19,2.1
70.894,0.8
20,34.807
3,0.8
1,23.977
6,11.881
7,0.2
14,0.5
19,2.9
23,0.1
7,11.53
171.47,0.8
15.262,0.8
15.874,0.6
303.93,0.1
271.57,0.3
14,1.2
34,1.1
2,0.6
11,6.6
1,1.2
1,11.305
54,1.2028
59.446,1
295.97,0.5
5,33.851
6,6.6
3,0.9
349.67,0.9
1,1.3
293.2,3
1,7.4467
1,2.7
21,2
2,10.713
4,0.3
7,0.7
14,1.2
1,2.6
1,2.2
1,1.6971
1,1.2
1,11.471
19,1.5
1,0.3
10,0.2
11,0.6
4,0.8
8,4.5456
1,1
1,0.1
26.511,0.5
12,10.767
2,0.6
8,0.5
1,4.8077
2,3.4
33,0.5
51.427,3
10,0.1
3,1.2
33,0.2
29,11.502
1,0.3
300.58,0.6
1,1.1
38,0.6
254.28,0.4
8,2.8
3,0.3
17,1.4
1,11.836
1,0.6
9,0.1
4,0.9
10,0.1
1,0.4
1,0.2
1,4.1
29,0.7
41,0.3
1,3.6
182.9,1.4
140.45,0.3
16,0.1
23,0.5
50.465,0.5
32.93,3.6
15,1
7,0.2
1,1.5
1,0.2
3,0.3
29,0.6
3,0.1
6,1.2
14,0.2
1,0.9
16,1
1,2.9
41,0.6
6,0.2
2,2.1
14,0.8
19,11.881
3,0.2
10,0.1
16,3.4665
69,0.2
1,0.9
11,0.1
13,0.9
50.836,5.0293
170.75,0.1
-0.03232,0.5
1,0.7
2,0.1
20,1.5
236,0.5
43,0.4
18,0.4
4,0.3
8,0.7
16,0.2
6,1
7,1
0.61277,0.9
22,1
190.52,1.2
307.24,1.1
2,15.618
70.177,2.7
25,1.6
1,0.5
1,0.4
69,14.969
232.66,2.6
243.17,0.2
1,0.3
29.262,0.9
256.96,0.2
6,5.0848
12,2.2
4,1.3
1,0.6
44.245,0.96582
31,0.4
17,5.9615
15,0.9
2,0.2
1,0.2
8,2.9198
14,15.465
20,1.7
8,0.6
8,0.3
1,4.6542
1,0.4
39,1.8
1,4.5
169.94,1.2
16,0.1
81.919,0.9
1,0.9
10,0.2
1,2.6
153,10.58
232.13,0.2
43,0.5
4,0.4
2,1.1
1,0.6
90.292,9.8
289.45,0.6
6,0.5
20,2.2
1,0.5
2,1
27,0.3
190.33,2
14,0.2
52.144,0.5
192.45,0.1
2,11.977
1,0.7
27,0.2
1,5.5654
14,1.2
1,0.1
143.41,6.9825
13,0.1
27.008,8.9956
1,1
2,0.6
2,0.6
40,9.8
130.26,3.4
10,3.4
17,0.30613
8,2.2
10,0.6
1,1.4
3,0.5
17,0.9
43,5
198.47,1
16,9.6277
79.04,6.3152
3,0.71393
